CAS-number,Compound name,OBPs,Molecular formula,Smiles,acetylenic carbon,aldehyde,amide,amino acid,azo nitrogen,azole,diazene,bromine,carbamate,carbamic ester,carboxylate ion,carbonyl group,carbonyl with carbon,carbonyl with nitrogen,carbonyl with oxygen,carboxylic acid,chlorine,di sulfide,enol,ester,ether,fluorine,hydrazine,hydroxyl,hydroxyl in alcohol,hydroxyl in carboxylic acid,imine,ketone,phenol,primary alcohol,primary amine,mono sulfide,nitrile,nitro,secondary amine,sulfide,sulfonamide,sulfoxide,sulfuric acid ester,thioamide,vinylic carbon,Faeces,Urine,Breath,Skin,Milk,Blood,Saliva,SARS-CoV-2,Ubiquitous viral VOCs,rhinovirus,"Influenza virus H9N2, H6N2, H1N1 (H)",Respiratory syncytial virus,Ubiquitous bacterial VOCs,Staphylococus Aureus,Streptococus pneumoniae,Clostridium difficile,Mycobaterium Tuberculosis,Haemophilus Influenzae,Escherichia coli,Klebisiella pneumoniae,Pseudomonas aeruginosa,COPD,Lung cancer,Asthma
79-77-6,ionone (beta),127,C13H20O,CC(=O)/C=C/C1=C(C)CCCC1(C)C,,,,,,,,,,,,Yes,Yes,,,,,,,,,,,,,,,Yes,,,,,,,,,,,,,Yes,,Yes,,Yes,Yes,,Yes,,,,,,,,,,,,,,,,,
123-35-3,"beta-myrcene /  7-methyl-3-methylene-1,6-octadiene / myrcene",75,C10H16,CC(C)=CCCC(=C)C=C,,,,,,,,,,,,,,,,,,,,,,,,,,,,,,,,,,,,,,,,,Yes,Yes,,Yes,,,,Yes,,,,,,,,,,,,,,,,,
100-52-7,benzaldehyde,72,C7H6O,O=Cc1ccccc1,,Yes,,,,,,,,,,Yes,,,,,,,,,,,,,,,,Yes,,,,,,,,,,,,,,Yes,Yes,Yes,Yes,Yes,Yes,Yes,Yes,Yes,,,,,,,,,,,,,Yes,,
928-96-1,Z-3-hexen-1-ol / cis-3-Hexen-1-ol,72,C6H12O,CC\C=C/CCO,,,,,,,,,,,,,,,,,,,,,,,,Yes,Yes,,,,,Yes,,,,,,,,,,,Yes,,,,,,,,,,,,,,,,,,,,,,,,
6728-26-3,(E)-2-Hexenal,71,C6H10O,CCC/C=C/C=O,,Yes,,,,,,,,,,Yes,Yes,,,,,,,,,,,,,,,Yes,,,,,,,,,,,,,Yes,,,,,,,,,,,,,,,,,,,,,,,,
7212-44-4,(+/-) nerolidol,66,C15H26O,CC(C)=CCC\C(C)=C\CCC(C)(O)C=C,,,,,,,,,,,,,,,,,,,,,,,,Yes,Yes,,,,,Yes,,,,,,,,,,,Yes,,,,,,,,,,,,,,,,,,,,,,,,
3681-71-8,Cis-3-Hexenyl acetate,63,C8H14O2,CC\C=C/CCOC(C)=O,,,,,,,,,,,,Yes,Yes,,Yes,,,,,Yes,Yes,,,,,,,Yes,,,,,,,,,,,,,Yes,,,,,,,,,,,,,,,,,,,,,,,,
87-44-5,β‐caryophyllene / caryophyllene  / beta-caryophyllene,63,C15H24,C\C1=C/CCC(=C)[C@H]2CC(C)(C)[C@@H]2CC1,,,,,,,,,,,,,,,,,,,,,,,,,,,,,,,,,,,,,,,,,Yes,Yes,,,Yes,Yes,,Yes,,,,,,,,,,,,,,,,,
124-19-6,nonanal / Pelargonic aldehyde / Nonaldehyde / C9:Ald,62,C9H18O,CCCCCCCCC=O,,Yes,,,,,,,,,,Yes,Yes,,,,,,,,,,,,,,,Yes,,,,,,,,,,,,,,Yes,Yes,Yes,Yes,Yes,,Yes,Yes,Yes,,,,,,,,,,,,,,Yes,Yes
78-70-6,"3,7-dimethyl-1,6-octadien-3-ol / DL linalool",62,C10H18O,CC(C)=CCCC(C)(O)C=C,,,,,,,,,,,,,,,,,,,,,,,,Yes,Yes,,,,,Yes,,,,,,,,,,,Yes,Yes,Yes,Yes,Yes,Yes,,,,,,,,,,,,,,,,,Yes,,
119-36-8,methyl salicylate,57,C8H8O3,COC(=O)c1ccccc1O,,,,,,,,,,,,Yes,,,Yes,,,,,Yes,Yes,,,Yes,Yes,,,Yes,Yes,Yes,,,,,,,,,,,,Yes,Yes,,,,,,,,,,,,,,,,,,,,,,
13877-91-3,beta-ocimene / Ocimene,51,C10H16,CC(C)=CC\C=C(/C)C=C,,,,,,,,,,,,,,,,,,,,,,,,,,,,,,,,,,,,,,,,,Yes,,,Yes,,,,,,,,,,,,,,,,,,,,,
4602-84-0,Farnesol,49,C15H26O,CC(C)=CCC\C(C)=C\CC\C(C)=C\CO,,,,,,,,,,,,,,,,,,,,,,,,Yes,Yes,,,,,Yes,,,,,,,,,,,Yes,,,,,,,,,,,,,,,,,,,,,,,,
66-25-1,hexanal,48,C6H12O,CCCCCC=O,,Yes,,,,,,,,,,Yes,Yes,,,,,,,,,,,,,,,Yes,,,,,,,,,,,,,,Yes,Yes,Yes,Yes,Yes,Yes,Yes,Yes,Yes,,,,,,,,,,Yes,,,Yes,Yes,
111-27-3,1-hexanol,45,C6H14O,CCCCCCO,,,,,,,,,,,,,,,,,,,,,,,,Yes,Yes,,,,,Yes,,,,,,,,,,,,Yes,Yes,,Yes,,,Yes,,,,,,,,,,,,,,,,,
112-31-2,decanal / 10:Ald,39,C10H20O,CCCCCCCCCC=O,,Yes,,,,,,,,,,Yes,Yes,,,,,,,,,,,,,,,Yes,,,,,,,,,,,,,,Yes,,Yes,Yes,Yes,,Yes,,,,Yes,,,,,,,,,,,,,
112-54-9,Lauraldehyde / dodecanal / Dodecyl aldehyde / 12:Ald,39,C12H24O,CCCCCCCCCCCC=O,,Yes,,,,,,,,,,Yes,Yes,,,,,,,,,,,,,,,Yes,,,,,,,,,,,,,,Yes,,,Yes,Yes,,Yes,,,,,,,,,,,,,,,,,
53939-28-9,(Z)-11-Hexadecenal / Z11-16:Ald,37,C16H30O,CCCC\C=C/CCCCCCCCCC=O,,Yes,,,,,,,,,,Yes,Yes,,,,,,,,,,,,,,,Yes,,,,,,,,,,,,,Yes,,,,,,,,,,,,,,,,,,,,,,,,
80-56-8,alpha-pinene,36,C10H16,CC1=CCC2CC1C2(C)C,,,,,,,,,,,,,,,,,,,,,,,,,,,,,,,,,,,,,,,,,Yes,,,,,,,,,,,,,,,,,,,,,,,,
5989-27-5,r-limonene / (R)-(+)-limonene,35,C10H16,CC(=C)[C@@H]1CCC(=CC1)C,,,,,,,,,,,,,,,,,,,,,,,,,,,,,,,,,,,,,,,,,Yes,,,,,Yes,,,,,,,,,,,,,,,,,,,
502-61-4,alpha-farnesene / Farnesene,32,C15H24,CC(C)=CCC\C(C)=C\C\C=C(/C)C=C,,,,,,,,,,,,,,,,,,,,,,,,,,,,,,,,,,,,,,,,,Yes,,,,Yes,,,,,,,,,,,,,,,,,,,,
106-24-1,"E-3,7-dimethyl-2,6-octadien-1-ol  / geraniol",31,C10H18O,CC(C)=CCC\C(C)=C\CO,,,,,,,,,,,,,,,,,,,,,,,,Yes,Yes,,,,,Yes,,,,,,,,,,,Yes,,,,Yes,,,Yes,,,,,,,,,,,,,,,,,
7785-70-8,(1R)-(+)-alpha-pinene,31,C10H16,CC1=CC[C@@H]2C[C@H]1C2(C)C,,,,,,,,,,,,,,,,,,,,,,,,,,,,,,,,,,,,,,,,,Yes,Yes,,Yes,Yes,Yes,Yes,Yes,,,,,,,,,,,,,,,,,
77-53-2,cedrol / (+)-cedrol,31,C15H26O,C[C@@H]1CC[C@H]2C(C)(C)[C@H]3C[C@@]12CC[C@@]3(C)O,,,,,,,,,,,,,,,,,,,,,,,,Yes,Yes,,,,,Yes,,,,,,,,,,,,,,,Yes,,,,,,,,,,,,,,,,,,,,
3016-19-1,"2,6-Dimethyl-2,4,6-octatriene  / trans,trans-(4E,6E)-allo-ocimene",30,C10H16,C/C=C(C)/C=C/C=C(C)C,,,,,,,,,,,,,,,,,,,,,,,,,,,,,,,,,,,,,,,,,Yes,,,,,,,Yes,,,,,,,,,,,,,,,,,
593-08-8,2-Tridecanone,29,C13H26O,CCCCCCCCCCCC(C)=O,,,,,,,,,,,,Yes,Yes,,,,,,,,,,,,,,,Yes,,,,,,,,,,,,,,,,,Yes,Yes,,Yes,,,,,,,,,,,,,,,,,
111-71-7,heptanal,28,C7H14O,CCCCCCC=O,,Yes,,,,,,,,,,Yes,Yes,,,,,,,,,,,,,,,Yes,,,,,,,,,,,,,,Yes,Yes,Yes,Yes,Yes,Yes,Yes,Yes,,,,,,,,,,,,,,Yes,Yes,
138-86-3,dl-limonene,28,C10H16,CC(=C)C1CCC(=CC1)C,,,,,,,,,,,,,,,,,,,,,,,,,,,,,,,,,,,,,,,,,Yes,Yes,Yes,Yes,,Yes,,Yes,,,,,,,,,,,,,,,,,
18794-84-8,beta-farnesene / (E)-β-farnesene /  trans-β-farnesene,28,C15H24,CC(C)=CCC\C(C)=C\CCC(=C)C=C,,,,,,,,,,,,,,,,,,,,,,,,,,,,,,,,,,,,,,,,,Yes,Yes,,,,,,,,,,,,,,,,,,,,,,,
13466-78-9,"3,7,7-trimethyl-bicyclo[4.1.0]hept-3-ene / (+/-) 3-Carene",28,C10H16,CC1=CCC2C(C1)C2(C)C,,,,,,,,,,,,,,,,,,,,,,,,,,,,,,,,,,,,,,,,,Yes,Yes,,Yes,,,,,,,,,,,,,,,,,,,,,
56683-54-6,(Z)-11-hexadecen-1-ol / Z11-16:OH,27,C16H32O,CCCC\C=C/CCCCCCCCCCO,,,,,,,,,,,,,,,,,,,,,,,,Yes,Yes,,,,,Yes,,,,,,,,,,,Yes,,,,,,,,,,,,,,,,,,,,,,,,
34010-21-4,(Z)-11-Hexadecenyl acetate / Z11-16:Ac,26,C18H34O2,CCCC\C=C/CCCCCCCCCCOC(C)=O,,,,,,,,,,,,Yes,Yes,,Yes,,,,,Yes,Yes,,,,,,,Yes,,,,,,,,,,,,,Yes,,,,,,,,,,,,,,,,,,,,,,,,
928-95-0,E-2-hexen-1-ol,26,C6H12O,CCC/C=C/CO,,,,,,,,,,,,,,,,,,,,,,,,Yes,Yes,,,,,Yes,,,,,,,,,,,Yes,,,,,,,,,,,,,,,,,,,,,,,,
124-13-0,octanal / C8:Ald,25,C8H16O,CCCCCCCC=O,,Yes,,,,,,,,,,Yes,Yes,,,,,,,,,,,,,,,Yes,,,,,,,,,,,,,,Yes,Yes,Yes,Yes,Yes,Yes,Yes,Yes,Yes,,,,,,,,,,,,,,Yes,Yes
110-43-0,2-heptanone,25,C7H14O,CCCCCC(C)=O,,,,,,,,,,,,Yes,Yes,,,,,,,,,,,,,,,Yes,,,,,,,,,,,,,,Yes,Yes,Yes,,Yes,,Yes,,,,,,Yes,Yes,Yes,Yes,Yes,Yes,Yes,Yes,Yes,,,
56219-04-6,(Z)-9-hexadecenal / Z9-16:Ald,25,C16H30O,CCCCCC\C=C/CCCCCCCC=O,,Yes,,,,,,,,,,Yes,Yes,,,,,,,,,,,,,,,Yes,,,,,,,,,,,,,Yes,,,,,,,,,,,,,,,,,,,,,,,,
5989-54-8,s-limonene / (-)-limonene,24,C10H16,CC(=C)[C@H]1CCC(=CC1)C,,,,,,,,,,,,,,,,,,,,,,,,,,,,,,,,,,,,,,,,,Yes,,,,,,,,,,,,,,,,,,,,,,,,
98-86-2,acetophenone,24,C8H8O,CC(=O)c1ccccc1,,,,,,,,,,,,Yes,Yes,,,,,,,,,,,,,,,Yes,,,,,,,,,,,,,,Yes,Yes,Yes,Yes,Yes,,Yes,,,,,,,,,,,,,,,,,
2345-28-0,2-pentadecanone,23,C15H30O,CCCCCCCCCCCCCC(C)=O,,,,,,,,,,,,Yes,Yes,,,,,,,,,,,,,,,Yes,,,,,,,,,,,,,,,,,Yes,,,Yes,,,,,,,,,,,,,,,,,
36653-82-4,1-hexadecanol / 16:OH,23,C16H34O,CCCCCCCCCCCCCCCCO,,,,,,,,,,,,,,,,,,,,,,,,Yes,Yes,,,,,Yes,,,,,,,,,,,,Yes,,Yes,Yes,,,,,,,,,,,,,,,,,,,,
99-87-6,p-cymene / 1-methyl-4-(1-methylethyl)-benzene,23,C10H14,CC(C)c1ccc(C)cc1,,,,,,,,,,,,,,,,,,,,,,,,,,,,,,,,,,,,,,,,,,,Yes,Yes,Yes,,,Yes,,,,,,,,,,,,,,,,,
105-54-4,"butanoic acid, ethyl ester / ethyl butyrate",22,C6H12O2,CCCC(=O)OCC,,,,,,,,,,,,Yes,Yes,,Yes,,,,,Yes,Yes,,,,,,,Yes,,,,,,,,,,,,,,Yes,,Yes,,,,,Yes,,,Yes,,Yes,Yes,Yes,Yes,Yes,Yes,Yes,Yes,Yes,,,
104-76-7,2-ethyl-1-hexanol,21,C8H18O,CCCCC(CC)CO,,,,,,,,,,,,,,,,,,,,,,,,Yes,Yes,,,,,Yes,,,,,,,,,,,,Yes,Yes,Yes,Yes,Yes,,Yes,Yes,,,,,,,,,,,,,,,,
79-92-5,(+/-) camphene,21,C10H16,CC1(C)C2CCC(C2)C1=C,,,,,,,,,,,,,,,,,,,,,,,,,,,,,,,,,,,,,,,,,Yes,Yes,,Yes,,Yes,,Yes,Yes,,,,,,,,,,,,,,,,
112-53-8,1-dodecanol / 12:OH,21,C12H26O,CCCCCCCCCCCCO,,,,,,,,,,,,,,,,,,,,,,,,Yes,Yes,,,,,Yes,,,,,,,,,,,,Yes,,,Yes,,,Yes,,,,,,,,,,,,,,,,,
104-55-2,3-phenyl-2-propenal / cinnamaldehyde,20,C9H8O,O=C/C=C/c1ccccc1,,Yes,,,,,,,,,,Yes,Yes,,,,,,,,,,,,,,,Yes,,,,,,,,,,,,,Yes,Yes,,Yes,,,,Yes,,,Yes,,,,,,,,,,,,,,
109-21-7,"butanoic acid, butyl ester / Butyl butyrate ",20,C8H16O2,CCCCOC(=O)CCC,,,,,,,,,,,,Yes,Yes,,Yes,,,,,Yes,Yes,,,,,,,Yes,,,,,,,,,,,,,,Yes,Yes,Yes,,,,,,,,Yes,,,,,,,,,,,,,
76-22-2,"1,7,7-trimethyl-bicyclo[2.2.1]heptan-2-one / (R)-(+)-Camphor / camphor",20,C10H16O,CC1(C)C2CCC1(C)C(=O)C2,,,,,,,,,,,,Yes,Yes,,,,,,,,,,,,,,,Yes,,,,,,,,,,,,,,,,Yes,Yes,Yes,,,,,,,,,,,,,,,,,,,
122-78-1,phenyl acetaldehyde  / phenylethanal  / benzene acetaldehyde,19,C8H8O,O=CCc1ccccc1,,Yes,,,,,,,,,,Yes,Yes,,,,,,,,,,,,,,,Yes,,,,,,,,,,,,,,Yes,,,,Yes,,,,Yes,,,,,,,,,,,,,,,
3391-86-4,1-octen-3-ol,19,C8H16O,CCCCCC(O)C=C,,,,,,,,,,,,,,,,,,,,,,,,Yes,Yes,,,,,Yes,,,,,,,,,,,Yes,Yes,,,Yes,,Yes,,,,,,,,,,,,,,,,,,
586-62-9,delta terpinene / terpinolene  / 1-methyl-4-(1-methylethylidene)-cyclohexene,19,C10H16,CC(C)=C1CCC(=CC1)C,,,,,,,,,,,,,,,,,,,,,,,,,,,,,,,,,,,,,,,,,Yes,Yes,Yes,Yes,,,,Yes,,,,,,,,,,,,,,,,,
143-07-7,dodecanoic acid / lauric acid,19,C12H24O2,CCCCCCCCCCCC(O)=O,,,,,,,,,,,,Yes,Yes,,Yes,Yes,,,,,,,,Yes,Yes,Yes,,Yes,,Yes,,,,,,,,,,,,,,,Yes,Yes,,Yes,,,,,,,,,,,,,,,,,
6789-88-4,Hexyl benzoate,19,C13H18O2,CCCCCCOC(=O)c1ccccc1,,,,,,,,,,,,Yes,,,Yes,,,,,Yes,Yes,,,,,,,Yes,,,,,,,,,,,,,,,,,,,,,,,,,,,,,,,,,,,,,
111-65-9,octane,18,C8H18,CCCCCCCC,,,,,,,,,,,,,,,,,,,,,,,,,,,,,,,,,,,,,,,,,,Yes,,Yes,Yes,,,Yes,Yes,,,,,,,,,,,,,,,,
123-86-4,"acetic acid, butyl ester / butyl acetate",18,C6H12O2,CCCCOC(C)=O,,,,,,,,,,,,Yes,Yes,,Yes,,,,,Yes,Yes,,,,,,,Yes,,,,,,,,,,,,,,Yes,,Yes,,,,,,,,,,,,,,,,,,,,,
142-92-7,"acetic acid, hexyl ester, hexyl acetate, caproyl acetate",18,C8H16O2,CCCCCCOC(C)=O,,,,,,,,,,,,Yes,Yes,,Yes,,,,,Yes,Yes,,,,,,,Yes,,,,,,,,,,,,,,Yes,,,,,,,,,,,,,,,,,,,,,,,
112-72-1,1-tetradecanol / 14:OH,18,C14H30O,CCCCCCCCCCCCCCO,,,,,,,,,,,,,,,,,,,,,,,,Yes,Yes,,,,,Yes,,,,,,,,,,,,,,,Yes,,,,,,,,,,,,,,,,,,,,
544-76-3,hexadecane,17,C16H34,CCCCCCCCCCCCCCCC,,,,,,,,,,,,,,,,,,,,,,,,,,,,,,,,,,,,,,,,,,Yes,,Yes,Yes,,,Yes,Yes,,,,,,,,,,,,,,Yes,,
60-33-3,"(9Z,12Z)-9,12-octadecadienoic acid / Z9,Z12-18:Ald / linoleic acid",17,C18H32O2,CCCCC/C=C\C\C=C/CCCCCCCC(O)=O,,,,,,,,,,,,Yes,Yes,,Yes,Yes,,,,,,,,Yes,Yes,Yes,,Yes,,Yes,,,,,,,,,,,Yes,,,,,,,Yes,,,,,,,,,,,,,,,,,
105-87-3,"acetic acid, (E)-3,7-dimethyl-2,6-octadien-1-ol ester  / geranyl acetate",17,C12H20O2,CC(=O)OC/C=C(C)/CCC=C(C)C,,,,,,,,,,,,Yes,Yes,,Yes,,,,,Yes,Yes,,,,,,,Yes,,,,,,,,,,,,,Yes,,,,Yes,,,Yes,,,,,,,,,,,,,,,,,
16725-53-4,(Z)-9-Tetradecenyl acetate / Z9-14:Ac,17,C16H30O2,CCCC\C=C/CCCCCCCCOC(C)=O,,,,,,,,,,,,Yes,Yes,,Yes,,,,,Yes,Yes,,,,,,,Yes,,,,,,,,,,,,,Yes,,,,,,,,,,,,,,,,,,,,,,,,
110-93-0,6-methyl-5-hepten-2-one,17,C8H14O,CC(C)=CCCC(C)=O,,,,,,,,,,,,Yes,Yes,,,,,,,,,,,,,,,Yes,,,,,,,,,,,,,Yes,Yes,Yes,Yes,Yes,,,Yes,,,,,,,,,,,,,,,Yes,,
591-78-6,2-hexanone,17,C6H12O,CCCCC(C)=O,,,,,,,,,,,,Yes,Yes,,,,,,,,,,,,,,,Yes,,,,,,,,,,,,,,Yes,Yes,Yes,Yes,,,,,,,,,,,,,,,,,,,,
111-70-6,1-heptanol,17,C7H16O,CCCCCCCO,,,,,,,,,,,,,,,,,,,,,,,,Yes,Yes,,,,,Yes,,,,,,,,,,,,Yes,,,,,,,,,,,,,,,,,,,,,,,
127-41-3,ionone (alpha),16,C13H20O,CC(=O)/C=C/C1C(=CCCC1(C)C)C,,,,,,,,,,,,Yes,Yes,,,,,,,,,,,,,,,Yes,,,,,,,,,,,,,Yes,,Yes,,Yes,,,Yes,,,,,,,,,,,,,,,,,
99-83-2,alpha-phellandrene / Phellandrene,16,C10H16,CC(C)[C@H]1CC=C(C)C=C1,,,,,,,,,,,,,,,,,,,,,,,,,,,,,,,,,,,,,,,,,Yes,Yes,Yes,Yes,,,,Yes,,,,,,,,,,,,,,,,,
19902-08-0,(1R)-(+)-beta-pinene,16,C10H16,CC1(C2CCC(=C)C1C2)C,,,,,,,,,,,,,,,,,,,,,,,,,,,,,,,,,,,,,,,,,Yes,,,,,,,,,,,,,,,,,,,,,,,,
57-10-3,hexadecanoic acid  / palmitic acid,16,C16H32O2,CCCCCCCCCCCCCCCC(O)=O,,,,,,,,,,,,Yes,Yes,,Yes,Yes,,,,,,,,Yes,Yes,Yes,,Yes,,Yes,,,,,,,,,,,,,,,Yes,,,Yes,,,,,,,,,,,,,,,,,
106-30-9,heptanoic acid / ethyl ester / Ethyl heptanoate,16,C9H18O2,CCCCCCC(=O)OCC,,,,,,,,,,,,Yes,Yes,,Yes,,,,,Yes,Yes,,,,,,,Yes,,,,,,,,,,,,,,Yes,,,,,,,,,,,,,,,,,,,,,,,
6378-65-0,Hexyl hexanoate,16,C12H24O2,CCCCCCOC(=O)CCCCC,,,,,,,,,,,,Yes,Yes,,Yes,,,,,Yes,Yes,,,,,,,Yes,,,,,,,,,,,,,,,,,,,,,,,,,,,,,,,,,,,,,
110-62-3,Valeraldehyde / pentanal,15,C5H10O,CCCCC=O,,Yes,,,,,,,,,,Yes,Yes,,,,,,,,,,,,,,,Yes,,,,,,,,,,,,,,Yes,Yes,Yes,,Yes,,Yes,Yes,,,,,,,,,,,,,,,Yes,
10482-56-1,alpha-terpineol / 4-terpinol / (S)-(-)-α-Terpineol,15,C10H18O,CC1=CC[C@H](CC1)C(C)(C)O,,,,,,,,,,,,,,,,,,,,,,,,Yes,Yes,,,,,Yes,,,,,,,,,,,Yes,Yes,Yes,Yes,Yes,Yes,,,,,,,,,,,,,,,,,,,
123-92-2,"acetic acid, isopentyl ester  / isopentyl acetate / isoamyl acetate",15,C7H14O2,CC(C)CCOC(C)=O,,,,,,,,,,,,Yes,Yes,,Yes,,,,,Yes,Yes,,,,,,,Yes,,,,,,,,,,,,,,,,Yes,,,,,,,,,,,,,,,,,,,,,
120-72-9,indole,15,C8H7N,[nH]1ccc2ccccc12,,,,,,,,,,,,,,,,,,,,,,,,,,,,,,,,,,,,,,,,,,Yes,Yes,Yes,Yes,,,Yes,,,,,,,,,,,,Yes,,,Yes,,
629-59-4,tetradecane,15,C14H30,CCCCCCCCCCCCCC,,,,,,,,,,,,,,,,,,,,,,,,,,,,,,,,,,,,,,,,,,Yes,Yes,Yes,Yes,Yes,,Yes,,,,,,,,,,,,,,,,,Yes
34010-20-3,(Z)-9-Hexadecenyl acetate / Z9-16:Ac,14,C18H34O2,CCCCCCC=CCCCCCCCCOC(=O)C,,,,,,,,,,,,Yes,Yes,,Yes,,,,,Yes,Yes,,,,,,,Yes,,,,,,,,,,,,,Yes,,,,,,,,,,,,,,,,,,,,,,,,
122-40-7,pentyl cinnamaldehyde / α-Amylcinnamaldehyde / 2 Pentyl 3 phenylpropenoic Aldehyde,14,C14H18O,CCCCC/C(C=O)=C/c1ccccc1,,Yes,,,,,,,,,,Yes,Yes,,,,,,,,,,,,,,,Yes,,,,,,,,,,,,,Yes,,,,Yes,,,Yes,,,,,,,,,,,,,,,,,
10378-01-5,(Z)-9-Hexadecen-1-ol / Z9-16:OH,14,C16H32O,CCCCCC\C=C/CCCCCCCCO,,,,,,,,,,,,,,,,,,,,,,,,Yes,Yes,,,,,Yes,,,,,,,,,,,Yes,,,,,,,,,,,,,,,,,,,,,,,,
127-91-3,beta-pinene,14,C10H16,CC1(C)C2CCC(=C)C1C2,,,,,,,,,,,,,,,,,,,,,,,,,,,,,,,,,,,,,,,,,Yes,Yes,Yes,Yes,,,,Yes,,,,,,,,,,,,,,,,,
93-58-3,Methyl benzoate,14,C8H8O2,COC(=O)c1ccccc1,,,,,,,,,,,,Yes,,,Yes,,,,,Yes,Yes,,,,,,,Yes,,,,,,,,,,,,,,,,,,,,,,,,,,,,,,,,,,,,,
112-44-7,Undecanal / Hendecanal / Undecylic aldehyde,14,C11H22O,CCCCCCCCCCC=O,,Yes,,,,,,,,,,Yes,Yes,,,,,,,,,,,,,,,Yes,,,,,,,,,,,,,,Yes,,Yes,Yes,Yes,,Yes,,,,,,,,,,,,,,,,,
629-80-1,Hexadecanal / 16:Ald,14,C16H32O,CCCCCCCCCCCCCCCC=O,,Yes,,,,,,,,,,Yes,Yes,,,,,,,,,,,,,,,Yes,,,,,,,,,,,,,,Yes,,Yes,Yes,,,,,,,,,,,,,,,,,,,,
123-51-3,3-methyl-1-butanol / Isoamyl alcohol,13,C5H12O,CC(C)CCO,,,,,,,,,,,,,,,,,,,,,,,,Yes,Yes,,,,,Yes,,,,,,,,,,,,Yes,Yes,,,,Yes,Yes,,,,,,Yes,Yes,Yes,Yes,Yes,Yes,Yes,Yes,Yes,,,
5392-40-5,"3,7-dimethyl-2,6-octadienal / (E)-Citral / Citral",13,C10H16O,CC(C)=CCC\C(C)=C\C=O,,Yes,,,,,,,,,,Yes,Yes,,,,,,,,,,,,,,,Yes,,,,,,,,,,,,,Yes,,,,Yes,,,,,,,,,,,,,,,,,,,,
689-67-8,"6,10-dimethyl-5,9-undecadien-2-one / Geranylacetone",13,C13H22O,CC(C)=CCC\C(C)=C\CCC(C)=O,,,,,,,,,,,,Yes,Yes,,,,,,,,,,,,,,,Yes,,,,,,,,,,,,,Yes,,,Yes,Yes,Yes,,,,,,,,,,,,,,,,,,,
35153-15-2,(Z)-Tetradec-9-enol /  Z9-14:OH,13,C14H28O,CCCC\C=C/CCCCCCCCO,,,,,,,,,,,,,,,,,,,,,,,,Yes,Yes,,,,,Yes,,,,,,,,,,,Yes,,,,,,,,,,,,,,,,,,,,,,,,
99-85-4,"gamma-terpinene /  1-methyl-4-(1-methylethyl)-1,4-cyclohexadiene / γ-Terpinene",13,C10H16,CC(C)C1=CCC(=CC1)C,,,,,,,,,,,,,,,,,,,,,,,,,,,,,,,,,,,,,,,,,Yes,Yes,Yes,Yes,,,,Yes,,,,,,,,,,,,,,,,,
5989-08-2,(+)-a-longipinene,13,C15H24,CC1=CCC2C3C1C2(CCCC3(C)C)C,,,,,,,,,,,,,,,,,,,,,,,,,,,,,,,,,,,,,,,,,Yes,,,,,,,,,,,,,,,,,,,,,,,,
90-02-8,2-hydroxybenzaldehyde / Salicylaldehyde,13,C7H6O2,Oc1ccccc1C=O,,Yes,,,,,,,,,,Yes,,,,,,,,,,,,Yes,Yes,,,Yes,Yes,Yes,,,,,,,,,,,,Yes,,Yes,,,,,,,,Yes,,,,,,,,,,,,,
2639-63-6,Hexyl butyrate,13,C10H20O2,CCCCCCOC(=O)CCC,,,,,,,,,,,,Yes,Yes,,Yes,,,,,Yes,Yes,,,,,,,Yes,,,,,,,,,,,,,,,,,,,,,,,,,,,,,,,,,,,,,
589-38-8,3-hexanone,13,C6H12O,CCCC(=O)CC,,,,,,,,,,,,Yes,Yes,,,,,,,,,,,,,,,Yes,,,,,,,,,,,,,,Yes,Yes,Yes,,,,,,,,,,,,,,,,,,,,,
5973-71-7,"3,4-Dimethyl-benzaldehyde",13,C9H10O,Cc1ccc(C=O)cc1C,,Yes,,,,,,,,,,Yes,,,,,,,,,,,,,,,,Yes,,,,,,,,,,,,,,,,,,,,,,,,,,,,,,,,,,,,,
128-37-0,"Butylated hydroxytoluene / 2,6-Di-tert-butyl-4-methylphenol",13,C15H24O,Cc1cc(c(O)c(c1)C(C)(C)C)C(C)(C)C,,,,,,,,,,,,,,,,,,,,,,,,Yes,Yes,,,,Yes,Yes,,,,,,,,,,,,,,,,,,,,,,,,,,,,,,,,,,,
543-49-7,2-heptanol,13,C7H16O,CCCCCC(C)O,,,,,,,,,,,,,,,,,,,,,,,,Yes,Yes,,,,,Yes,,,,,,,,,,,,,,,,,,,,,,,,,,,,,,,,,,,
112-30-1,1-decanol,13,C10H22O,CCCCCCCCCCO,,,,,,,,,,,,,,,,,,,,,,,,Yes,Yes,,,,,Yes,,,,,,,,,,,,Yes,,,Yes,,,,,,,,,,,,,,,,,,,,
112-95-8,eicosane,13,C20H42,CCCCCCCCCCCCCCCCCCCC,,,,,,,,,,,,,,,,,,,,,,,,,,,,,,,,,,,,,,,,,,Yes,,,Yes,Yes,,Yes,,,,,,,,,,,,,,,,,
100-47-0,benzonitrile,12,C7H5N,N#Cc1ccccc1,,,,,,,,,,,,,,,,,,,,,,,,,,,,,,,,,Yes,,,,,,,,,Yes,,Yes,,Yes,,,,,,,,Yes,Yes,Yes,Yes,Yes,Yes,Yes,Yes,Yes,Yes,,
106-28-5,"(2E,6E)-3,7,11-trimethyldodeca-2,6,10-trien-1-ol / trans,trans-Farnesol",12,C15H26O,CC(C)=CCC\C(C)=C\CC\C(C)=C\CO,,,,,,,,,,,,,,,,,,,,,,,,Yes,Yes,,,,,Yes,,,,,,,,,,,Yes,,,,,,,,,,,,,,,,,,,,,,,,
40642-40-8,(Z)-8-dodecenyl alcohol / (Z)-8-Dodecen-1-ol / Z8-12:OH,12,C12H24O,CCC\C=C/CCCCCCCO,,,,,,,,,,,,,,,,,,,,,,,,Yes,Yes,,,,,Yes,,,,,,,,,,,Yes,,,,,,,,,,,,,,,,,,,,,,,,
99-86-5,"alpha-terpinene /  1-methyl-4-(1-methylethyl)-1,3-cyclohexadiene",12,C10H16,CC(C)C1=CC=C(C)CC1,,,,,,,,,,,,,,,,,,,,,,,,,,,,,,,,,,,,,,,,,Yes,,Yes,Yes,,,,Yes,,,,,,,,,,,,,,,,,
626-82-4,hexanoic acid / butyl ester / Butyl hexanoate,12,C10H20O2,CCCCCC(=O)OCCCC,,,,,,,,,,,,Yes,Yes,,Yes,,,,,Yes,Yes,,,,,,,Yes,,,,,,,,,,,,,,Yes,,,,,,,,,,,,,,,,,,,,,,,
143-13-5,Nonyl acetate / 9:Ac,12,C11H22O2,CCCCCCCCCOC(C)=O,,,,,,,,,,,,Yes,Yes,,Yes,,,,,Yes,Yes,,,,,,,Yes,,,,,,,,,,,,,,,,,,,,,,,,,,,,,,,,,,,,,
2921-88-2,Chlorpyrifos,12,C9H11Cl3NO3PS,CCO[P](=S)(OCC)Oc1nc(Cl)c(Cl)cc1Cl,,,,,,,,,,,,,,,,,Yes,,,,,,,,,,,,,,,,,,,,,,,,,,,,,,,,,,,,,,,,,,,,,,,,
629-92-5,nonadecane,12,C19H40,CCCCCCCCCCCCCCCCCCC,,,,,,,,,,,,,,,,,,,,,,,,,,,,,,,,,,,,,,,,,,Yes,,,Yes,,,Yes,,,,,,,,,,,,,,,,,
100-51-6,benzyl alcohol,11,C7H8O,OCc1ccccc1,,,,,,,,,,,,,,,,,,,,,,,,Yes,Yes,,,,,Yes,,,,,,,,,,,,Yes,Yes,Yes,Yes,,,Yes,Yes,,,,,,,,,,,,,,,,
629-50-5,tridecane,11,C13H28,CCCCCCCCCCCCC,,,,,,,,,,,,,,,,,,,,,,,,,,,,,,,,,,,,,,,,,,Yes,,Yes,Yes,Yes,,Yes,Yes,,,,,,,,,,,,,,,,
31501-11-8,[(Z)-hex-3-enyl] hexanoate,11,C12H22O2,CCCCCC(=O)OCC\C=C/CC,,,,,,,,,,,,Yes,Yes,,Yes,,,,,Yes,Yes,,,,,,,Yes,,,,,,,,,,,,,Yes,,,,,,,,,,,,,,,,,,,,,,,,
538-65-8,n-Butyl cinnamate,11,C13H16O2,CCCCOC(=O)/C=C/c1ccccc1,,,,,,,,,,,,Yes,Yes,,Yes,,,,,Yes,Yes,,,,,,,Yes,,,,,,,,,,,,,Yes,,,,,,,,,,,,,,,,,,,,,,,,
6789-80-6,Z-hex-3-enal / Cis-3-hexenal,11,C6H10O,CC\C=C/CC=O,,Yes,,,,,,,,,,Yes,Yes,,,,,,,,,,,,,,,Yes,,,,,,,,,,,,,Yes,,,,,Yes,,,,,,,,,,,,,,,,,,,
58594-45-9,(Z)-13-octadecenal  / Z13-18:Ald,11,C18H34O,CCCC\C=C/CCCCCCCCCCCC=O,,Yes,,,,,,,,,,Yes,Yes,,,,,,,,,,,,,,,Yes,,,,,,,,,,,,,Yes,,,,,,,,,,,,,,,,,,,,,,,,
502-99-8,alpha-ocimene,11,C10H16,CC(=C)CC\C=C(/C)C=C,,,,,,,,,,,,,,,,,,,,,,,,,,,,,,,,,,,,,,,,,Yes,,,,,,,,,,,,,,,,,,,,,,,,
7785-26-4,(1S)-(-)-alpha-pinene,11,C10H16,CC1=CC[C@H]2C[C@@H]1C2(C)C,,,,,,,,,,,,,,,,,,,,,,,,,,,,,,,,,,,,,,,,,Yes,,,,,,,,,,,,,,,,,,,,,,,,
94444-18-5,"3,7-Dimethyloctyl benzoate / 3,7-Dimethyl-1-octanol benzoate",11,C17H26O2,CC(C)CCCC(C)CCOC(=O)C1=CC=CC=C1,,,,,,,,,,,,Yes,,,Yes,,,,,Yes,Yes,,,,,,,Yes,,,,,,,,,,,,,,,,,,,,,,,,,,,,,,,,,,,,,
94-50-8,Octyl benzoate,11,C15H22O2,CCCCCCCCOC(=O)c1ccccc1,,,,,,,,,,,,Yes,,,Yes,,,,,Yes,Yes,,,,,,,Yes,,,,,,,,,,,,,,,,,,,,,,,,,,,,,,,,,,,,,
64-04-0,α-Terpinene,11,C8H11N,NCCc1ccccc1,,,,,,,,,,,,,,,,,,,,,,,,,,,,,,,Yes,,,,Yes,,,,,,,,,,,,,,,,,,,,,,,,,,,,,,
141-78-6,"acetic acid, ethyl ester / ethyl acetate",10,C4H8O2,CCOC(C)=O,,,,,,,,,,,,Yes,Yes,,Yes,,,,,Yes,Yes,,,,,,,Yes,,,,,,,,,,,,,,Yes,Yes,Yes,,Yes,Yes,Yes,Yes,,,,,,,,,,,Yes,,,,Yes,
2027-47-6,9-octadecenoic acid  / oleic acid,10,C18H34O2,CCCCCCCC/C=C/CCCCCCCC(O)=O,,,,,,,,,,,,Yes,Yes,,Yes,Yes,,,,,,,,Yes,Yes,Yes,,Yes,,Yes,,,,,,,,,,,Yes,,,,Yes,,,Yes,,,,,,,,,,,,,,,,,
33189-72-9,E-11-Tetradecen-1-ol acetate / E11-14:Ac,10,C16H30O2,CC/C=C/CCCCCCCCCCOC(C)=O,,,,,,,,,,,,Yes,Yes,,Yes,,,,,Yes,Yes,,,,,,,Yes,,,,,,,,,,,,,Yes,,,,,,,,,,,,,,,,,,,,,,,,
53398-83-7,trans-2-Hexenyl butyrate,10,C10H18O2,CCC/C=C/COC(=O)CCC,,,,,,,,,,,,Yes,Yes,,Yes,,,,,Yes,Yes,,,,,,,Yes,,,,,,,,,,,,,Yes,,,,,,,,,,,,,,,,,,,,,,,,
2497-18-9,(E)-2-hexen-1-yl acetate / trans-2-hexenyl acetate,10,C8H14O2,CCC\C=C/COC(C)=O,,,,,,,,,,,,Yes,Yes,,Yes,,,,,Yes,Yes,,,,,,,Yes,,,,,,,,,,,,,Yes,,,,,,,,,,,,,,,,,,,,,,,,
116-31-4,retinal,10,C20H28O,CC(=C\C=O)/C=C/C=C(C)/C=C/C1=C(C)CCCC1(C)C,,Yes,,,,,,,,,,Yes,Yes,,,,,,,,,,,,,,,Yes,,,,,,,,,,,,,Yes,,,,,,,,,,,,,,,,,,,,,,,,
18829-56-6,"2-nonenal, (E)",10,C9H16O,CCCCCC\C=C\C=O,,Yes,,,,,,,,,,Yes,Yes,,,,,,,,,,,,,,,Yes,,,,,,,,,,,,,Yes,,,,Yes,Yes,,Yes,,,,,,,,,,,,,,,,,
72698-30-7,(E)-10-Hexadecenal / E10-16:Ald,10,C16H30O,CCCCCC=CCCCCCCCCC=O,,Yes,,,,,,,,,,Yes,Yes,,,,,,,,,,,,,,,Yes,,,,,,,,,,,,,Yes,,,,,,,,,,,,,,,,,,,,,,,,
97-53-0,eugenol,10,C10H12O2,COc1cc(CC=C)ccc1O,,,,,,,,,,,,,,,,,,,,,Yes,,,Yes,Yes,,,,Yes,Yes,,,,,,,,,,,Yes,,,,Yes,,,Yes,,,,,,,,,,,,,,,,,
101-41-7,Methyl phenylacetate,10,C9H10O2,COC(=O)Cc1ccccc1,,,,,,,,,,,,Yes,Yes,,Yes,,,,,Yes,Yes,,,,,,,Yes,,,,,,,,,,,,,,,,,,,,,,,,,,,,,,,,,,,,,
71-41-0,pentanol,10,C5H12O,CCCCCO,,,,,,,,,,,,,,,,,,,,,,,,Yes,Yes,,,,,Yes,,,,,,,,,,,,Yes,Yes,Yes,Yes,Yes,Yes,Yes,,,,,,,,,,,,Yes,,Yes,,,
108-93-0,cyclohexanol,10,C6H12O,OC1CCCCC1,,,,,,,,,,,,,,,,,,,,,,,,Yes,Yes,,,,,Yes,,,,,,,,,,,,,Yes,,,,,,,,,,,,,,,,,,,,,,
60-12-8,phenylethyl alcohol  / 2-phenyl ethanol,10,C8H10O,OCCc1ccccc1,,,,,,,,,,,,,,,,,,,,,,,,Yes,Yes,,,,,Yes,,,,,,,,,,,,Yes,,,Yes,Yes,,Yes,,,,,,,,,,,,,,,,,
110-54-3,hexane,9,C6H14,CCCCCC,,,,,,,,,,,,,,,,,,,,,,,,,,,,,,,,,,,,,,,,,,Yes,Yes,Yes,Yes,,Yes,Yes,Yes,Yes,,,,,,,,,,,,,,Yes,
124-18-5,decane,9,C10H22,CCCCCCCCCC,,,,,,,,,,,,,,,,,,,,,,,,,,,,,,,,,,,,,,,,,,Yes,,Yes,Yes,,,Yes,Yes,Yes,,,,,,,,,,,,,,,
470-82-6,"1,8-cineole / eucalyptol",9,C10H18O,CC12CCC(CC1)C(C)(C)O2,,,,,,,,,,,,,,,,,,,,,Yes,,,,,,,,,,,,,,,,,,,,,,Yes,Yes,,Yes,,Yes,Yes,,,,,,,,,,,,,,,,
7061-54-3,Phlorizin dihydrate,9,C13H12ClNOS2,CC(C)N1C(=S)SC(=C\c2cccc(Cl)c2)/C1=O,,,Yes,,,,,,,,,Yes,Yes,Yes,,,Yes,,,,,,,,,,,Yes,,,,Yes,,,,Yes,,,,Yes,Yes,,,,,,,,,,,,,,,,,,,,,,,,
458-36-6,Coniferyl aldehyde,9,C10H10O3,COc1cc(\C=C\C=O)ccc1O,,Yes,,,,,,,,,,Yes,Yes,,,,,,,,Yes,,,Yes,Yes,,,Yes,Yes,Yes,,,,,,,,,,,Yes,,,,,,,,,,,,,,,,,,,,,,,,
30507-70-1,"(Z9,E12)‐tetradecadienyl acetate / Z9,E12–14:Ac / Prodenialure B",9,C16H28O2,C\C=C/C/C=C/CCCCCCCCOC(C)=O,,,,,,,,,,,,Yes,Yes,,Yes,,,,,Yes,Yes,,,,,,,Yes,,,,,,,,,,,,,Yes,,,,,,,,,,,,,,,,,,,,,,,,
20711-10-8,Z-11-Tetradecen-1-ol acetate / Z11-14:Ac,9,C16H30O2,CC\C=C/CCCCCCCCCCOC(C)=O,,,,,,,,,,,,Yes,Yes,,Yes,,,,,Yes,Yes,,,,,,,Yes,,,,,,,,,,,,,Yes,,,,,,,,,,,,,,,,,,,,,,,,
28079-04-1,(Z)-8-Dodecenyl acetate / Z8-12:Ac,9,C14H26O2,CCC\C=C/CCCCCCCOC(C)=O,,,,,,,,,,,,Yes,Yes,,Yes,,,,,Yes,Yes,,,,,,,Yes,,,,,,,,,,,,,Yes,,,,,,,,,,,,,,,,,,,,,,,,
14959-86-5,(Z)-7-Dodecenyl acetate / Z7-12:Ac,9,C14H26O2,CCCC\C=C/CCCCCCOC(C)=O,,,,,,,,,,,,Yes,Yes,,Yes,,,,,Yes,Yes,,,,,,,Yes,,,,,,,,,,,,,Yes,,,,,,,,,,,,,,,,,,,,,,,,
3025-30-7,"Ethyl (2E,4Z)-deca-2,4-dienoate / Pear ester",9,C12H20O2,CCCCC\C=C/C=C/C(=O)OCC,,,,,,,,,,,,Yes,Yes,,Yes,,,,,Yes,Yes,,,,,,,Yes,,,,,,,,,,,,,Yes,,,,,,,,,,,,,,,,,,,,,,,,
116-26-7,safranal,9,C10H14O,CC1=C(C=O)C(C)(C)CC=C1,,Yes,,,,,,,,,,Yes,Yes,,,,,,,,,,,,,,,Yes,,,,,,,,,,,,,Yes,,Yes,,,,,,,,,,,,,,,,,,,,,,
68279-24-3,(Z)-10-Hexadecenal / Z10-16:Ald,9,C16H30O,CCCCCC=CCCCCCCCCC=O,,Yes,,,,,,,,,,Yes,Yes,,,,,,,,,,,,,,,Yes,,,,,,,,,,,,,Yes,,,,,,,,,,,,,,,,,,,,,,,,
3790-78-1,cis-Nerolidol,9,C15H26O,CC(C)=CCC\C(C)=C/CCC(C)(O)C=C,,,,,,,,,,,,,,,,,,,,,,,,Yes,Yes,,,,,Yes,,,,,,,,,,,Yes,,,,,,,,,,,,,,,,,,,,,,,,
98-55-5,p-menth-1-en-8-ol / alpha Terpineol,9,C10H18O,CC1=CC[C@@H](CC1)C(C)(C)O,,,,,,,,,,,,,,,,,,,,,,,,Yes,Yes,,,,,Yes,,,,,,,,,,,Yes,Yes,,,Yes,,,,,,,,,,,,,,,,,,,,
6753-98-6,α-Humulene/ alpha-caryophyllene,9,C15H24,C\C1=C/CC(C)(C)\C=C\CC(=C/CC1)/C,,,,,,,,,,,,,,,,,,,,,,,,,,,,,,,,,,,,,,,,,Yes,Yes,,,,,,,,,,,,,,,,,,,,,,,
112-06-1,heptyl acetate,9,C9H18O2,CCCCCCCOC(C)=O,,,,,,,,,,,,Yes,Yes,,Yes,,,,,Yes,Yes,,,,,,,Yes,,,,,,,,,,,,,,,,,,,,,,,,,,,,,,,,,,,,,
84-74-2,"phthalic acid, dibutyl ester  / dibutyl phthalate",9,C16H22O4,CCCCOC(=O)c1ccccc1C(=O)OCCCC,,,,,,,,,,,,Yes,,,Yes,,,,,Yes,Yes,,,,,,,Yes,,,,,,,,,,,,,,,,,,Yes,,,,,,,,,,,,,,,,,,,
22679-54-5,p-tert-Butylbenzophenone,9,C17H18O,CC(C)(C)c1ccc(cc1)C(=O)c2ccccc2,,,,,,,,,,,,Yes,,,,,,,,,,,,,,,,Yes,,,,,,,,,,,,,,,,,,,,,,,,,,,,,,,,,,,,,
117-39-5,Quercetin,9,C15H10O7,Oc1cc(O)c2C(=O)C(=C(Oc2c1)c3ccc(O)c(O)c3)O,,,,,,,,,,,,,,,,,,,,,,,,Yes,Yes,,,,Yes,Yes,,,,,,,,,,,,,,,,,,,,,,,,,,,,,,,,,,,
112-70-9,1-tridecanol / 13:OH,9,C13H28O,CCCCCCCCCCCCCO,,,,,,,,,,,,,,,,,,,,,,,,Yes,Yes,,,,,Yes,,,,,,,,,,,,Yes,Yes,Yes,Yes,,,,,,,,,,,,,,,,,,,,
593-45-3,octadecane,9,C18H38,CCCCCCCCCCCCCCCCCC,,,,,,,,,,,,,,,,,,,,,,,,,,,,,,,,,,,,,,,,,,Yes,,Yes,Yes,Yes,,Yes,,,,,,,,,,,,,,,Yes,,
112-40-3,dodecane,8,C12H26,CCCCCCCCCCCC,,,,,,,,,,,,,,,,,,,,,,,,,,,,,,,,,,,,,,,,,,Yes,,Yes,Yes,Yes,,Yes,Yes,Yes,,,,,,,,,,,,,,,Yes
143-08-8,1-nonanol,8,C9H20O,CCCCCCCCCO,,,,,,,,,,,,,,,,,,,,,,,,Yes,Yes,,,,,Yes,,,,,,,,,,,,Yes,,Yes,,,,,Yes,,,,,,,,,,,,,,,,
629-78-7,heptadecane,8,C17H36,CCCCCCCCCCCCCCCCC,,,,,,,,,,,,,,,,,,,,,,,,,,,,,,,,,,,,,,,,,,Yes,,Yes,Yes,Yes,,Yes,Yes,,,,,,,,,,,,,,,,
623-37-0,3-hexanol,8,C6H14O,CCCC(O)CC,,,,,,,,,,,,,,,,,,,,,,,,Yes,Yes,,,,,Yes,,,,,,,,,,,,,,,Yes,,,Yes,,Yes,,,,,,,,,,,,,,,
96-17-3,2-methylbutanal / 2-Methylbutyraldehyde,8,C5H10O,CCC(C)C=O,,Yes,,,,,,,,,,Yes,Yes,,,,,,,,,,,,,,,Yes,,,,,,,,,,,,,,Yes,Yes,Yes,Yes,,,Yes,,,,,,,,,,,,,,,,,
23192-82-7,(E)-9-Tetradecenyl acetate / E9-14:Ac,8,C16H30O2,CCCC/C=C/CCCCCCCCOC(C)=O,,,,,,,,,,,,Yes,Yes,,Yes,,,,,Yes,Yes,,,,,,,Yes,,,,,,,,,,,,,Yes,,,,,,,,,,,,,,,,,,,,,,,,
106-23-0,Citronellal,8,C10H18O,C[C@H](CCC=C(C)C)CC=O,,Yes,,,,,,,,,,Yes,Yes,,,,,,,,,,,,,,,Yes,,,,,,,,,,,,,Yes,,,,,,,,,,,,,,,,,,,,,,,,
53939-27-8,(Z)-9-tetradecenal / Z9-14:Ald,8,C14H26O,CCCC\C=C/CCCCCCCC=O,,Yes,,,,,,,,,,Yes,Yes,,,,,,,,,,,,,,,Yes,,,,,,,,,,,,,Yes,,,,,,,,,,,,,,,,,,,,,,,,
20126-76-5,(-)-terpinen-4-ol,8,C10H18O,CC(C)[C@@]1(O)CCC(=CC1)C,,,,,,,,,,,,,,,,,,,,,,,,Yes,Yes,,,,,Yes,,,,,,,,,,,Yes,,,,,,,,,,,,,,,,,,,,,,,,
928-94-9,Z-2-hexen-1-ol,8,C6H12O,CCC\C=C/CO,,,,,,,,,,,,,,,,,,,,,,,,Yes,Yes,,,,,Yes,,,,,,,,,,,Yes,,,,,,,,,,,,,,,,,,,,,,,,
6909-30-4,(+) -limonene oxide,8,C10H16O,CC(=C)C1CCC2(C(C1)O2)C,,,,,,,,,,,,,,,,,,,,,Yes,,,,,,,,,,,,,,,,,,,,Yes,,,,,,,,,,,,,,,,,,,,,,,,
469-61-4,(-)-α-Cedrene,8,C15H24,C[C@@H]1CC[C@H]2C(C)(C)C3C[C@@]12CC=C3C,,,,,,,,,,,,,,,,,,,,,,,,,,,,,,,,,,,,,,,,,Yes,,,,,,,,,,,,,,,,,,,,,,,,
18172-67-3,(1S)-(-)-beta-Pinene,8,C10H16,CC1(C)[C@H]2CCC(=C)[C@@H]1C2,,,,,,,,,,,,,,,,,,,,,,,,,,,,,,,,,,,,,,,,,Yes,,,,,,,,,,,,,,,,,,,,,,,,
99-76-3,Methyl 4-hydroxybenzoate / HOB,8,C8H8O3,COC(=O)c1ccc(O)cc1,,,,,,,,,,,,Yes,,,Yes,,,,,Yes,Yes,,,Yes,Yes,,,Yes,Yes,Yes,,,,,,,,,,,,,,,,,,,,,,,,,,,,,,,,,,,
120-51-4,benzoic acid benzyl alcohol ester  / benzyl benzoate,8,C14H12O2,O=C(OCc1ccccc1)c2ccccc2,,,,,,,,,,,,Yes,,,Yes,,,,,Yes,Yes,,,,,,,Yes,,,,,,,,,,,,,,,,,Yes,,,,,,,,,,,,,,,,,,,,
4748-78-1,4-ethyl Benzaldehyde,8,C9H10O,CCc1ccc(C=O)cc1,,Yes,,,,,,,,,,Yes,,,,,,,,,,,,,,,,Yes,,,,,,,,,,,,,,,,,,,,,,,,,,,,,,,,,,,,,
14816-18-3,Phoxim,8,C12H15N2O3PS,CCOP(=S)(OCC)ON=C(C#N)C1=CC=CC=C1,,,,,,,,,,,,,,,,,,,,,,,,,,,,,,,,,Yes,,,,,,,,,,,,,,,,,,,,,,,,,,,,,,,,
584-02-1,3-pentanol,8,C5H12O,CCC(O)CC,,,,,,,,,,,,,,,,,,,,,,,,Yes,Yes,,,,,Yes,,,,,,,,,,,,Yes,,,,,,,,,,,,,,,,,,,,,,,
91-20-3,naphthalene,8,C10H8,c1ccc2ccccc2c1,,,,,,,,,,,,,,,,,,,,,,,,,,,,,,,,,,,,,,,,,,Yes,,Yes,Yes,Yes,,Yes,,,,,,,,,,,,,,,,,
629-62-9,pentadecane,8,C15H32,CCCCCCCCCCCCCCC,,,,,,,,,,,,,,,,,,,,,,,,,,,,,,,,,,,,,,,,,,Yes,,Yes,Yes,Yes,,Yes,,,,,,,,,,,,,,,,,
111-87-5,1-octanol,7,C8H18O,CCCCCCCCO,,,,,,,,,,,,,,,,,,,,,,,,Yes,Yes,,,,,Yes,,,,,,,,,,,,Yes,Yes,Yes,Yes,,,,Yes,,,,,,,,,,,Yes,,,,,
3658-80-8,dimethyl trisulfide,7,C2H6S3,CSSSC,,,,,,,,,,,,,,,,,,Yes,,,,,,,,,,,,,,Yes,,,,Yes,,,,,,Yes,Yes,,,,,Yes,,,,,,Yes,Yes,Yes,Yes,Yes,Yes,Yes,Yes,Yes,,,
1335-39-3,2-Hexen-1-al,7,C6H10O,CCCC=CC=O,,Yes,,,,,,,,,,Yes,Yes,,,,,,,,,,,,,,,Yes,,,,,,,,,,,,,Yes,,,,,,,,,,,,,,,,,,,,,,,,
1211-29-6,Methyl jasmonate,7,C13H20O3,CC\C=C/C[C@@H]1[C@H](CCC1=O)CC(=O)OC,,,,,,,,,,,,Yes,Yes,,Yes,,,,,Yes,Yes,,,,,,,Yes,,,,,,,,,,,,,Yes,,,,,,,,,,,,,,,,,,,,,,,,
16974-10-0,(Z)-7-Tetradecenyl acetate / Z7-14:Ac,7,C16H30O2,CCCCCC\C=C/CCCCCCOC(C)=O,,,,,,,,,,,,Yes,Yes,,Yes,,,,,Yes,Yes,,,,,,,Yes,,,,,,,,,,,,,Yes,,,,,,,,,,,,,,,,,,,,,,,,
5146-66-7,Geranyl nitrile / Citralva,7,C10H15N,CC(C)=CCC\C(C)=C\C#N,,,,,,,,,,,,,,,,,,,,,,,,,,,,,,,,,Yes,,,,,,,,Yes,,,,,,,,,,,,,,,,,,,,,,,,
7786-61-0,4-ethenyl-2-methoxyphenol / 2‐methoxy‐4‐vinylphenol / 4-vinylguaiacol,7,C9H10O2,COc1cc(C=C)ccc1O,,,,,,,,,,,,,,,,,,,,,Yes,,,Yes,Yes,,,,Yes,Yes,,,,,,,,,,,Yes,,,,,,,,,,,,,,,,,,,,,,,,
68-26-8,Retinol,7,C20H30O,CC(=C\CO)/C=C/C=C(C)/C=C/C1=C(C)CCCC1(C)C,,,,,,,,,,,,,,,,,,,,,,,,Yes,Yes,,,,,Yes,,,,,,,,,,,Yes,,,,,,,,,,,,,,,,,,,,,,,,
106-25-2,"cis-3,7-Dimethyl-2,6-octadien-1-ol / nerol",7,C10H18O,CC(C)=CCC\C(C)=C/CO,,,,,,,,,,,,,,,,,,,,,,,,Yes,Yes,,,,,Yes,,,,,,,,,,,Yes,,,,,,,Yes,,,,,,,,,,,,,,,,,
544-12-7,E-3-hexen-1-ol / trans-3-Hexen-1-ol,7,C6H12O,CC/C=C/CCO,,,,,,,,,,,,,,,,,,,,,,,,Yes,Yes,,,,,Yes,,,,,,,,,,,Yes,,,,,,,,,,,,,,,,,,,,,,,,
1576-95-0,Z-2-penten-1-ol,7,C5H10O,CC\C=C/CO,,,,,,,,,,,,,,,,,,,,,,,,Yes,Yes,,,,,Yes,,,,,,,,,,,Yes,,,,,Yes,,,,,,,,,,,,,,,,,,,
616-25-1,1-penten-3-ol,7,C5H10O,CCC(O)C=C,,,,,,,,,,,,,,,,,,,,,,,,Yes,Yes,,,,,Yes,,,,,,,,,,,Yes,,,,,,,,,,,,,,,,,,,,,,,,
61301-56-2,(E)-11-hexadecen-1-ol / E11-16:OH,7,C16H32O,CCCC/C=C/CCCCCCCCCCO,,,,,,,,,,,,,,,,,,,,,,,,Yes,Yes,,,,,Yes,,,,,,,,,,,Yes,,,,,,,,,,,,,,,,,,,,,,,,
1139-30-6,(-)-Caryophyllene oxide,7,C15H24O,CC1(C)CC2C1CCC3(C)OC3CCC2=C,,,,,,,,,,,,,,,,,,,,,Yes,,,,,,,,,,,,,,,,,,,,Yes,,,,,,,,,,,,,,,,,,,,,,,,
3779-61-1,trans-(3E)-beta-ocimene,7,C10H16,CC(C)=CC\C=C(/C)C=C,,,,,,,,,,,,,,,,,,,,,,,,,,,,,,,,,,,,,,,,,Yes,,,,,,,Yes,,,,,,,,,,,,,,,,,
3650-28-0,(+)-Sativene,7,C15H24,CC(C)C1CCC2(C3C1C(C2=C)CC3)C,,,,,,,,,,,,,,,,,,,,,,,,,,,,,,,,,,,,,,,,,Yes,,,,,,,,,,,,,,,,,,,,,,,,
544-63-8,tetradecanoic acid  / myristic acid,7,C14H28O2,CCCCCCCCCCCCCC(O)=O,,,,,,,,,,,,Yes,Yes,,Yes,Yes,,,,,,,,Yes,Yes,Yes,,Yes,,Yes,,,,,,,,,,,,,,,Yes,,,Yes,,,,,,,,,,,,,,,,,
93-89-0,Ethyl benzoate,7,C9H10O2,CCOC(=O)c1ccccc1,,,,,,,,,,,,Yes,,,Yes,,,,,Yes,Yes,,,,,,,Yes,,,,,,,,,,,,,,,,,,,,,,,,,,,,,,,,,,,,,
131-11-3,Dimethyl phthalate,7,C10H10O4,COC(=O)c1ccccc1C(=O)OC,,,,,,,,,,,,Yes,,,Yes,,,,,Yes,Yes,,,,,,,Yes,,,,,,,,,,,,,,,,,,,,,,,,,,,,,,,,,,,,,
112-12-9,2-undecanone,7,C11H22O,CCCCCCCCCC(C)=O,,,,,,,,,,,,Yes,Yes,,,,,,,,,,,,,,,Yes,,,,,,,,,,,,,,Yes,,,Yes,Yes,,Yes,,,,,,,,,,,,,,,,,
124-76-5,Isoborneol,7,C10H18O,CC1(C)[C@H]2CC[C@@]1(C)[C@H](O)C2,,,,,,,,,,,,,,,,,,,,,,,,Yes,Yes,,,,,Yes,,,,,,,,,,,,,,,,,,,,,,,,,,,,,,,,,,,
629-76-5,pentadecanol / 15:OH,7,C15H32O,CCCCCCCCCCCCCCCO,,,,,,,,,,,,,,,,,,,,,,,,Yes,Yes,,,,,Yes,,,,,,,,,,,,,,,Yes,,,,,,,,,,,,,,,,,,,,
112-42-5,1‐undecanol,7,C11H24O,CCCCCCCCCCCO,,,,,,,,,,,,,,,,,,,,,,,,Yes,Yes,,,,,Yes,,,,,,,,,,,,,,,,,,,,,,,,,,,,,,,,,,,
1120-21-4,undecane / hendecane,6,C11H24,CCCCCCCCCCC,,,,,,,,,,,,,,,,,,,,,,,,,,,,,,,,,,,,,,,,,,Yes,,Yes,Yes,,,Yes,Yes,,,,,,,,,,,,,,Yes,,
624-92-0,dimethyl disulfide,6,C2H6S2,CSSC,,,,,,,,,,,,,,,,,,Yes,,,,,,,,,,,,,,Yes,,,,Yes,,,,,,Yes,Yes,,,Yes,,Yes,,,,,,Yes,Yes,Yes,Yes,Yes,Yes,Yes,Yes,Yes,,,
89-78-1,l-(-)-Menthol /  5-methyl-2-(1-methylethyl)cyclohexanol,6,C10H20O,CC(C)[C@@H]1CC[C@@H](C)C[C@H]1O,,,,,,,,,,,,,,,,,,,,,,,,Yes,Yes,,,,,Yes,,,,,,,,,,,,Yes,Yes,,Yes,,,Yes,,Yes,,,,,,,,,,,,,,,
490-10-8,"(4aSR,7SR,7aRS)-nepetalactone / Nepetalactone",6,C10H14O2,CC1CCC2C1C(=O)OC=C2C,,,,,,,,,,,,Yes,Yes,,Yes,,,,,Yes,Yes,,,,,,,Yes,,,,,,,,,,,,,Yes,,,,,,,,,,,,,,,,,,,,,,,,
38363-29-0,(E)-8-Dodecenyl acetate / E8-12:AC,6,C14H26O2,CCC/C=C/CCCCCCCOC(C)=O,,,,,,,,,,,,Yes,Yes,,Yes,,,,,Yes,Yes,,,,,,,Yes,,,,,,,,,,,,,Yes,,,,,,,,,,,,,,,,,,,,,,,,
5949-05-3,(−)-citronella,6,C10H18O,C[C@@H](CCC=C(C)C)CC=O,,Yes,,,,,,,,,,Yes,Yes,,,,,,,,,,,,,,,Yes,,,,,,,,,,,,,Yes,,,,,,,,,,,,,,,,,,,,,,,,
562-74-3,4-Carvomenthenol / Terpinen-4-ol / p-Menth-1-en-4-ol,6,C10H18O,CC(C)C1(O)CCC(=CC1)C,,,,,,,,,,,,,,,,,,,,,,,,Yes,Yes,,,,,Yes,,,,,,,,,,,Yes,,,,,,,,,,,,,,,,,,,,,,,,
93-15-2,4-Allylveratrole / Methyleugenol,6,C11H14O2,COc1ccc(CC=C)cc1OC,,,,,,,,,,,,,,,,,,,,,Yes,,,,,,,,,,,,,,,,,,,,Yes,,,,,,,,,,,,,,,,,,,,,,,,
1135-66-6,(-)-isolongifolene,6,C15H24,CC1(C)CCC=C2C(C)(C)C3CCC12C3,,,,,,,,,,,,,,,,,,,,,,,,,,,,,,,,,,,,,,,,,Yes,,,,,,,,,,,,,,,,,,,,,,,,
121-33-5,4-hydroxy-3-methoxybenzaldehyde / vanillin,6,C8H8O3,COc1cc(C=O)ccc1O,,Yes,,,,,,,,,,Yes,,,,,,,,,Yes,,,Yes,Yes,,,Yes,Yes,Yes,,,,,,,,,,,,,Yes,,,Yes,,,,,,,,,,,,,,,,,,,
104-67-6,γ-Undecanolactone / C14Ald,6,C11H20O2,CCCCCCC[C@H]1CCC(=O)O1,,,,,,,,,,,,Yes,Yes,,Yes,,,,,Yes,Yes,,,,,,,Yes,,,,,,,,,,,,,,,,,,,,,,,,,,,,,,,,,,,,,
136-60-7,Butyl benzoate,6,C11H14O2,CCCCOC(=O)c1ccccc1,,,,,,,,,,,,Yes,,,Yes,,,,,Yes,Yes,,,,,,,Yes,,,,,,,,,,,,,,,,,,,,,,,,,,,,,,,,,,,,,
4695-62-9,(+)-fenchone,6,C10H16O,CC1(C)[C@@H]2CC[C@@](C)(C2)C1=O,,,,,,,,,,,,Yes,Yes,,,,,,,,,,,,,,,Yes,,,,,,,,,,,,,,,,,,,,,,,,,,,,,,,,,,,,,
937-30-4,4'-Ethylacetophenone / p-Ethylacetophenone / 1-(4-ethylphenyl)-ethanone,6,C10H12O,CCc1ccc(cc1)C(C)=O,,,,,,,,,,,,Yes,Yes,,,,,,,,,,,,,,,Yes,,,,,,,,,,,,,,,,,,,,,,,,,,,,,,,,,,,,,
4340-84-5,4-hydroxy-4′isopropyl-azobenzene / Benzaldehyde 4-hydroxy-4′-isopropylazobenzene,6,C15H16N2O,CC(C)C1=CC=C(C=C1)N=NC2=CC=C(C=C2)O,,,,,Yes,,Yes,,,,,,,,,,,,,,,,,Yes,Yes,,,,Yes,Yes,,,,,,,,,,,,,,,,,,,,,,,,,,,,,,,,,,,
83-34-1,3-methyl-indole / skatole,6,C9H9N,Cc1c[nH]c2ccccc12,,,,,,,,,,,,,,,,,,,,,,,,,,,,,,,,,,,,,,,,,,Yes,Yes,,,Yes,,Yes,,,,,,,,,,,,,,,,,
141-93-5,"1,3-diethylbenzene",6,C10H14,CCc1cccc(CC)c1,,,,,,,,,,,,,,,,,,,,,,,,,,,,,,,,,,,,,,,,,,,,Yes,,,,,,,,,,,,,,,,,,,,,
109-66-0,pentane,6,C5H12,CCCCC,,,,,,,,,,,,,,,,,,,,,,,,,,,,,,,,,,,,,,,,,,Yes,,Yes,,,Yes,,,,,,,,,,,,,,,,,,
65-85-0,benzoic acid,5,C7H6O2,OC(=O)c1ccccc1,,,,,,,,,,,,Yes,,,Yes,Yes,,,,,,,,Yes,Yes,Yes,,Yes,,Yes,,,,,,,,,,,,Yes,Yes,Yes,Yes,,,,Yes,,,,,,,,,,,,,,,,
35153-20-9,Z-12-Tetradecen-1-ol acetate / Z12-14:Ac,5,C16H30O2,CC=CCCCCCCCCCCCOC(=O)C,,,,,,,,,,,,Yes,Yes,,Yes,,,,,Yes,Yes,,,,,,,Yes,,,,,,,,,,,,,Yes,,,,,,,,,,,,,,,,,,,,,,,,
16491-36-4,cis-3-Hexenyl butyrate,5,C10H18O2,CCCC(=O)OCC\C=C/CC,,,,,,,,,,,,Yes,Yes,,Yes,,,,,Yes,Yes,,,,,,,Yes,,,,,,,,,,,,,Yes,,,,,,,,,,,,,,,,,,,,,,,,
67446-07-5,(Z)-5-Decenyl acetate / Z5-10:Ac,5,C12H22O2,CCCC\C=C/CCCCOC(C)=O,,,,,,,,,,,,Yes,Yes,,Yes,,,,,Yes,Yes,,,,,,,Yes,,,,,,,,,,,,,Yes,,,,,,,,,,,,,,,,,,,,,,,,
141-32-2,"2-Propenoic acid, butyl ester",5,C7H12O2,CCCCOC(=O)C=C,,,,,,,,,,,,Yes,Yes,,Yes,,,,,Yes,Yes,,,,,,,Yes,,,,,,,,,,,,,Yes,,,,,,,,,,,,,,,,,,,,,,,,
35237-64-0,(Z)-11-tetradecenal  / Z11-14:Ald,5,C14H26O,CC/C=C/CCCCCCCCCC=O,,Yes,,,,,,,,,,Yes,Yes,,,,,,,,,,,,,,,Yes,,,,,,,,,,,,,Yes,,,,,,,,,,,,,,,,,,,,,,,,
2548-87-0,"2-octenal, (E)-",5,C8H14O,CCCCC\C=C\C=O,,Yes,,,,,,,,,,Yes,Yes,,,,,,,,,,,,,,,Yes,,,,,,,,,,,,,Yes,Yes,,Yes,,Yes,,,,,,,,,,,,,,,,,,,Yes
3913-71-1,(E)-dec-2-enal / E2-10-Ald,5,C10H18O,CCCCCCC\C=C/C=O,,Yes,,,,,,,,,,Yes,Yes,,,,,,,,,,,,,,,Yes,,,,,,,,,,,,,Yes,,,,,,,,,,,,,,,,,,,,,,,,
2244-16-8,(S)-carvone  / (+)-carvone / (S)-2-methyl-5-(1-methylethenyl)-2-cyclohexen-1-one,5,C10H14O,CC(=C)[C@H]1CC=C(C)C(=O)C1,,,,,,,,,,,,Yes,Yes,,,,,,,,,,,,,,,Yes,,,,,,,,,,,,,Yes,,Yes,Yes,,,,Yes,,,,,,,,,,,,,,,,,
63408-45-7,(Z)‐7‐Nonadecen‐11‐one,5,C19H36O,CCCCCCCCC(=O)CCC=CCCCCCC,,,,,,,,,,,,Yes,Yes,,,,,,,,,,,,,,,Yes,,,,,,,,,,,,,Yes,,,,,,,,,,,,,,,,,,,,,,,,
106-22-9,"beta-Citronellol / 3,7-dimethyl-6-octen-1-ol  / citronellol",5,C10H20O,C[C@@H](CCO)CCC=C(C)C,,,,,,,,,,,,,,,,,,,,,,,,Yes,Yes,,,,,Yes,,,,,,,,,,,Yes,,,,Yes,,,,,,,,,,,,,,,,,,,,
40716-66-3,trans-nerolidol,5,C15H26O,CC(C)=CCC\C(C)=C\CCC(C)(O)C=C,,,,,,,,,,,,,,,,,,,,,,,,Yes,Yes,,,,,Yes,,,,,,,,,,,Yes,,,,,,,,,,,,,,,,,,,,,,,,
3387-41-5,4-methylene-1-(1-methylethyl)-bicyclo[3.1.0]hexane / Sabinene,5,C10H16,CC(C)C12CCC(=C)C1C2,,,,,,,,,,,,,,,,,,,,,,,,,,,,,,,,,,,,,,,,,Yes,Yes,,,,,,,,,,,,,,,,,,,,,,,
876-02-8,4-hydroxy-3-methylacetophenone,5,C9H10O2,CC(=O)c1ccc(O)c(C)c1,,,,,,,,,,,,Yes,Yes,,,,,,,,,,,Yes,Yes,,,Yes,Yes,Yes,,,,,,,,,,,,,,,,,,,,,,,,,,,,,,,,,,,
81-13-0,D‐panthenol / Dexpanthenol,5,C9H19NO4,CC(C)(CO)[C@@H](O)C(=O)NCCCO,,,Yes,,,,,,,,,Yes,Yes,Yes,,,,,,,,,,Yes,Yes,,,Yes,,Yes,,,,,,,,,,,,,,,,,,,,,,,,,,,,,,,,,,,
110-39-4,Butanoic acid octyl ester,5,C12H24O2,CCCCCCCCOC(=O)CCC,,,,,,,,,,,,Yes,Yes,,Yes,,,,,Yes,Yes,,,,,,,Yes,,,,,,,,,,,,,,,,,,,,,,,,,,,,,,,,,,,,,
112-14-1,Octyl acetate,5,C10H20O2,CCCCCCCCOC(C)=O,,,,,,,,,,,,Yes,Yes,,Yes,,,,,Yes,Yes,,,,,,,Yes,,,,,,,,,,,,,,,,,,,,,,,,,,,,,,,,,,,,,
2445-76-3,"propanoic acid, hexyl ester",5,C9H18O2,CCCCCCOC(=O)CC,,,,,,,,,,,,Yes,Yes,,Yes,,,,,Yes,Yes,,,,,,,Yes,,,,,,,,,,,,,,Yes,,,,,,,,,,,,,,,,,,,,,,,
2173-56-0,Pentyl pentanoate,5,C10H20O2,CCCCCOC(=O)CCCC,,,,,,,,,,,,Yes,Yes,,Yes,,,,,Yes,Yes,,,,,,,Yes,,,,,,,,,,,,,,,,,,,,,,,,,,,,,,,,,,,,,
101-97-3,Ethyl phenylacetate,5,C10H12O2,CCOC(=O)Cc1ccccc1,,,,,,,,,,,,Yes,Yes,,Yes,,,,,Yes,Yes,,,,,,,Yes,,,,,,,,,,,,,,,,,,,,,,,,,,,,,,,,,,,,,
5445-77-2,2-methyl-3-phenylpropanal,5,C10H12O,CC(Cc1ccccc1)C=O,,Yes,,,,,,,,,,Yes,Yes,,,,,,,,,,,,,,,Yes,,,,,,,,,,,,,,Yes,,,,,,,,,,,,,,,,,,,,,,,
10486-19-8,tridecanal / 13:Ald,5,C13H26O,CCCCCCCCCCCCC=O,,Yes,,,,,,,,,,Yes,Yes,,,,,,,,,,,,,,,Yes,,,,,,,,,,,,,,Yes,,,Yes,,,Yes,,,,,,,,,,,,,,,,,
124-25-4,tetradecanal,5,C14H28O,CCCCCCCCCCCCCC=O,,Yes,,,,,,,,,,Yes,Yes,,,,,,,,,,,,,,,Yes,,,,,,,,,,,,,,Yes,,,Yes,,,Yes,,,,,,,,,,,,,,,,,
1009-61-6,"1,4-diacetyl benzene",5,C10H10O2,CC(=O)c1ccc(cc1)C(C)=O,,,,,,,,,,,,Yes,Yes,,,,,,,,,,,,,,,Yes,,,,,,,,,,,,,,,,,,,,,,,,,,,,,,,,,,,,,
27465-51-6,4-ethylpropiophenone,5,C11H14O,CCC1=CC=C(C=C1)C(=O)CC,,,,,,,,,,,,Yes,Yes,,,,,,,,,,,,,,,Yes,,,,,,,,,,,,,,,,,,,,,,,,,,,,,,,,,,,,,
502-56-7,5‐nonanone,5,C9H18O,CCCCC(=O)CCCC,,,,,,,,,,,,Yes,Yes,,,,,,,,,,,,,,,Yes,,,,,,,,,,,,,,,,,,,,,,,,,,,,,,,,,,,,,
111-13-7,2-octanone,5,C8H16O,CCCCCCC(C)=O,,,,,,,,,,,,Yes,Yes,,,,,,,,,,,,,,,Yes,,,,,,,,,,,,,,Yes,Yes,Yes,,,,Yes,,,,,,,,,,,,,,,,,
499-75-2,2-methyl-5-(1-methylethyl)- phenol / Carvacrol,5,C10H14O,CC(C)c1ccc(C)c(O)c1,,,,,,,,,,,,,,,,,,,,,,,,Yes,Yes,,,,Yes,Yes,,,,,,,,,,,,Yes,,,,,,,,,,,,,,,,,,,,,,,
106-21-8,"DMO / 3,7-dimethyl octanol",5,C10H22O,CC(C)CCCC(C)CCO,,,,,,,,,,,,,,,,,,,,,,,,Yes,Yes,,,,,Yes,,,,,,,,,,,,,,,,,,,,,,,,,,,,,,,,,,,
91-57-6,2-Methylnaphthalene,5,C11H10,Cc1ccc2ccccc2c1,,,,,,,,,,,,,,,,,,,,,,,,,,,,,,,,,,,,,,,,,,,,,,,,,,,,,,,,,,,,,,,,,
105-05-5,"1,4-diethylbenzene",5,C10H14,CCc1ccc(CC)cc1,,,,,,,,,,,,,,,,,,,,,,,,,,,,,,,,,,,,,,,,,,,,Yes,,,,,,,,,,,,,,,,,,,,,
629-94-7,heneicosane,5,C21H44,CCCCCCCCCCCCCCCCCCCCC,,,,,,,,,,,,,,,,,,,,,,,,,,,,,,,,,,,,,,,,,,,,,Yes,,,Yes,,,,,,,,,,,,,,,,,
71-36-3,1-butanol,4,C4H10O,CCCCO,,,,,,,,,,,,,,,,,,,,,,,,Yes,Yes,,,,,Yes,,,,,,,,,,,,Yes,Yes,Yes,Yes,Yes,Yes,Yes,Yes,,,,,Yes,Yes,Yes,Yes,Yes,Yes,Yes,Yes,Yes,,Yes,
100-41-4,"Phenylethane, ethyl benzene",4,C8H10,CCc1ccccc1,,,,,,,,,,,,,,,,,,,,,,,,,,,,,,,,,,,,,,,,,,Yes,Yes,Yes,Yes,Yes,Yes,,Yes,Yes,,,,,,,,,,,,,,Yes,Yes
3777-69-3,2-pentylfuran,4,C9H14O,CCCCCc1occc1,,,,,,,,,,,,,,,,,,,,,,,,,,,,,,,,,,,,,,,,,,Yes,Yes,Yes,,Yes,,Yes,Yes,,,,,,,,,,,,,,,,
629-99-2,pentacosane,4,C25H52,CCCCCCCCCCCCCCCCCCCCCCCCC,,,,,,,,,,,,,,,,,,,,,,,,,,,,,,,,,,,,,,,,,,,,Yes,Yes,,,,Yes,,,,,,,,,,,,,,,,
155569-91-8,Emamectin benzoate,4,C56H81NO15,CC[C@H](C)[C@H]1O[C@@]2(C[C@@H]3C[C@@H](C\C=C(C)\[C@@H](O[C@H]4C[C@H](OC)[C@@H](O[C@H]5C[C@H](OC)[C@@H]([NH2+]C)[C@H](C)O5)[C@H](C)O4)[C@@H](C)/C=C/C=C/6CO[C@@H]7[C@H](O)C(=C[C@@H](C(=O)O3)[C@]67O)C)O2)C=C[C@@H]1C.[O-]C(=O)c8ccccc8,,,,,,,,,,,Yes,Yes,Yes,,Yes,Yes,,,,Yes,Yes,,,Yes,Yes,,,Yes,,Yes,,,,,,,,,,,Yes,,,,,,,,,,,,,,,,,,,,,,,,
35153-21-0,E-12-Tetradecen-1-ol acetate / E12-14:Ac,4,C16H30O2,C\C=C/CCCCCCCCCCCOC(C)=O,,,,,,,,,,,,Yes,Yes,,Yes,,,,,Yes,Yes,,,,,,,Yes,,,,,,,,,,,,,Yes,,,,,,,,,,,,,,,,,,,,,,,,
30562-09-5,"(Z9,E11)‐tetradecadienyl acetate / Z9,E11–14:Ac",4,C16H28O2,CC\C=C/C=C/CCCCCCCCOC(C)=O,,,,,,,,,,,,Yes,Yes,,Yes,,,,,Yes,Yes,,,,,,,Yes,,,,,,,,,,,,,Yes,,,,,,,,,,,,,,,,,,,,,,,,
1504-74-1,α-Metoxy-cinnamaldehyde,4,C10H10O2,COc1ccccc1/C=C/C=O,,Yes,,,,,,,,,,Yes,Yes,,,,,,,,Yes,,,,,,,Yes,,,,,,,,,,,,,Yes,,,,,,,,,,,,,,,,,,,,,,,,
432-25-7,β-Cyclocitral,4,C10H16O,CC1=C(C=O)C(C)(C)CCC1,,Yes,,,,,,,,,,Yes,Yes,,,,,,,,,,,,,,,Yes,,,,,,,,,,,,,Yes,,,,,,,,,,,,,,,,,,,,,,,,
23696-85-7,Damascenone,4,C13H18O,C/C=C/C(=O)C1=C(C)C=CCC1(C)C,,,,,,,,,,,,Yes,Yes,,,,,,,,,,,,,,,Yes,,,,,,,,,,,,,Yes,,,,,,,,,,,,,,,,,,,,,,,,
6485-40-1,(-)-Carvone,4,C10H14O,CC(=C)[C@@H]1CC=C(C)C(=O)C1,,,,,,,,,,,,Yes,Yes,,,,,,,,,,,,,,,Yes,,,,,,,,,,,,,Yes,,,,,,,,,,,,,,,,,,,,,,,,
63408-44-6,(Z)‐7‐Eicosen‐11‐one,4,C20H38O,CCCCCCCCCC(=O)CCC=CCCCCCC,,,,,,,,,,,,Yes,Yes,,,,,,,,,,,,,,,Yes,,,,,,,,,,,,,Yes,,,,,,,,,,,,,,,,,,,,,,,,
109215-55-6,"(1RS,4aSR,7SR,7sRS)-nepetalactol",4,C10H16O2,CC1CCC2C1C(OC=C2C)O,,,,,,,,,,,,,,,,,,,,,Yes,,,Yes,Yes,,,,,Yes,,,,,,,,,,,Yes,,,,,,,,,,,,,,,,,,,,,,,,
928-92-7,4-hexen-1-ol,4,C6H12O,C/C=C/CCCO,,,,,,,,,,,,,,,,,,,,,,,,Yes,Yes,,,,,Yes,,,,,,,,,,,Yes,,,,Yes,,,,,,,,,,,,,,,,,,,,
1195-92-2,(-) -limonene oxide,4,C10H16O,CC(=C)[C@@H]1CCC2(C)OC2C1,,,,,,,,,,,,,,,,,,,,,Yes,,,,,,,,,,,,,,,,,,,,Yes,,,,,,,,,,,,,,,,,,,,,,,,
26560-14-5,"(Z,E)‐α‐Farnesene",4,C15H24,CC(=CCCC(=CCC=C(C)C=C)C)C,,,,,,,,,,,,,,,,,,,,,,,,,,,,,,,,,,,,,,,,,Yes,,,,,,,,,,,,,,,,,,,,,,,,
306-08-1,Homovanillic acid / HVA,4,C9H10O4,COc1cc(CC(O)=O)ccc1O,,,,,,,,,,,,Yes,Yes,,Yes,Yes,,,,,Yes,,,Yes,Yes,Yes,,Yes,Yes,Yes,,,,,,,,,,,,,,,,,,,,,,,,,,,,,,,,,,,
303-45-7,Gossypol,4,C30H30O8,CC(C)c1c(O)c(O)c(C=O)c2c(O)c(c(C)cc12)c3c(C)cc4c(C(C)C)c(O)c(O)c(C=O)c4c3O,,Yes,,,,,,,,,,Yes,,,,,,,,,,,,Yes,Yes,,,Yes,Yes,Yes,,,,,,,,,,,,,,,,,,,,,,,,,,,,,,,,,,,
103-45-7,"acetic acid, 2-phenylethyl ester  / phenylethylester acetic acid / Phenethyl acetate",4,C10H12O2,CC(=O)OCCc1ccccc1,,,,,,,,,,,,Yes,Yes,,Yes,,,,,Yes,Yes,,,,,,,Yes,,,,,,,,,,,,,,,,,Yes,,,,,,,,,,,,,,,,,,,,
20780-49-8,"3,7-Dimethyloctyl acetate",4,C12H24O2,CC(C)CCCC(C)CCOC(C)=O,,,,,,,,,,,,Yes,Yes,,Yes,,,,,Yes,Yes,,,,,,,Yes,,,,,,,,,,,,,,,,,,,,,,,,,,,,,,,,,,,,,
123-66-0,"hexanoic acid, ethyl ester  / ethyl hexanoate",4,C8H16O2,CCCCCC(=O)OCC,,,,,,,,,,,,Yes,Yes,,Yes,,,,,Yes,Yes,,,,,,,Yes,,,,,,,,,,,,,,Yes,,,,Yes,,Yes,,,,,,,,,,,,,,,,,
5454-28-4,Butyl heptanoate,4,C11H22O2,CCCCCCC(=O)OCCCC,,,,,,,,,,,,Yes,Yes,,Yes,,,,,Yes,Yes,,,,,,,Yes,,,,,,,,,,,,,,,,,,,,,,,,,,,,,,,,,,,,,
106-32-1,"octanoic acid, ethyl ester / Ethyl octanoate ",4,C10H20O2,CCCCCCCC(=O)OCC,,,,,,,,,,,,Yes,Yes,,Yes,,,,,Yes,Yes,,,,,,,Yes,,,,,,,,,,,,,,,,,Yes,,,,,,,,,,,,,,,,,,,,
106-33-2,"dodecanoic acid, ethyl ester, Ethyl dodeconoate / Ethyl laurate",4,C14H28O2,CCCCCCCCCCCC(=O)OCC,,,,,,,,,,,,Yes,Yes,,Yes,,,,,Yes,Yes,,,,,,,Yes,,,,,,,,,,,,,,,,,,Yes,,Yes,,,,,,,,,,,,,,,,,
124-10-7,"tetradecanoic acid, methyl ester / Methyl myristate / Methyl tetradecanoate",4,C15H30O2,CCCCCCCCCCCCCC(=O)OC,,,,,,,,,,,,Yes,Yes,,Yes,,,,,Yes,Yes,,,,,,,Yes,,,,,,,,,,,,,,,,,Yes,Yes,,,,,,,,,,,,,,,,,,,
628-63-7,Amyl acetate / pentyl acetate,4,C7H14O2,CCCCCOC(=O)C,,,,,,,,,,,,Yes,Yes,,Yes,,,,,Yes,Yes,,,,,,,Yes,,,,,,,,,,,,,,,,,,,,,,,,,,,,,,,,,,,,,
84-69-5,diisobutyl phthalate,4,C16H22O4,CC(C)COC(=O)c1ccccc1C(=O)OCC(C)C,,,,,,,,,,,,Yes,,,Yes,,,,,Yes,Yes,,,,,,,Yes,,,,,,,,,,,,,,,,,,,,,,,,,,,,,,,,,,,,,
89-74-7,"1-(2,4-Dimethylphenyl)-ethanone / 2',4'-Dimethylacetophenone",4,C10H12O,CC(=O)c1ccc(C)cc1C,,,,,,,,,,,,Yes,Yes,,,,,,,,,,,,,,,Yes,,,,,,,,,,,,,,,,,,,,,,,,,,,,,,,,,,,,,
1195-79-5,(-)-Fenchone,4,C10H16O,CC1(C)C2CCC(C)(C2)C1=O,,,,,,,,,,,,Yes,Yes,,,,,,,,,,,,,,,Yes,,,,,,,,,,,,,,,,,,,,,,,,,,,,,,,,,,,,,
6175-49-1,2-dodecanone,4,C12H24O,CCCCCCCCCCC(C)=O,,,,,,,,,,,,Yes,Yes,,,,,,,,,,,,,,,Yes,,,,,,,,,,,,,,Yes,,,Yes,,,Yes,,,,,,,,,,,,,,,,,
120068-37-3,fipronil,4,C12H4Cl2F6N4OS,Nc1n(nc(C#N)c1[S](=O)C(Yes)(Yes)Yes)c2c(Cl)cc(cc2Cl)C(Yes)(Yes)Yes,,,,,,Yes,,,,,,,,,,,Yes,,,,,Yes,,,,,,,,,Yes,,Yes,,Yes,,,Yes,,,,,,,,,,,,,,,,,,,,,,,,,,,
95-16-9,"1,3-benzothiazole / benzothiazole",4,C7H5NS,s1cnc2ccccc12,,,,,,Yes,,,,,,,,,,,,,,,,,,,,,,,,,,Yes,,,,Yes,,,,,,,,Yes,Yes,,,,,,,,,,,,,,,,,,,,
128-39-2,"2,6-di-tert-butylphenol",4,C14H22O,CC(C)(C)c1cccc(c1O)C(C)(C)C,,,,,,,,,,,,,,,,,,,,,,,,Yes,Yes,,,,Yes,Yes,,,,,,,,,,,,,,,,,,,,,,,,,,,,,,,,,,,
106-44-5,4-methylphenol  / p-cresol,4,C7H8O,Cc1ccc(O)cc1,,,,,,,,,,,,,,,,,,,,,,,,Yes,Yes,,,,Yes,Yes,,,,,,,,,,,,Yes,Yes,Yes,Yes,,,Yes,,,,,,,,,,,,,,,Yes,,
123-07-9,4-ethylphenol,4,C8H10O,CCc1ccc(O)cc1,,,,,,,,,,,,,,,,,,,,,,,,Yes,Yes,,,,Yes,Yes,,,,,,,,,,,,,,,,,,,,,,,,,,,,,,,,,,,
2380-94-1,1H-indol-4-ol / 4-Hydroxyindole,4,C8H7NO,Oc1cccc2[nH]ccc12,,,,,,,,,,,,,,,,,,,,,,,,Yes,Yes,,,,Yes,Yes,,,,,,,,,,,,,,,,,,,,,,,,,,,,,,,,,,,
98-52-2,4-tert-butylcyclohexanol,4,C10H20O,CC(C)(C)C1CCC(O)CC1,,,,,,,,,,,,,,,,,,,,,,,,Yes,Yes,,,,,Yes,,,,,,,,,,,,,,,,,,,,,,,,,,,,,,,,,,,
1490-04-6,2-isopropyl-5-methyl-cyclohexanol / Menthol / dl-Menthol,4,C10H20O,CC(C)C1CCC(C)CC1O,,,,,,,,,,,,,,,,,,,,,,,,Yes,Yes,,,,,Yes,,,,,,,,,,,,,,Yes,,,,,,,,,,,,,,,,,,,,,
626-93-7,2-hexanol,4,C6H14O,CCCCC(C)O,,,,,,,,,,,,,,,,,,,,,,,,Yes,Yes,,,,,Yes,,,,,,,,,,,,,,,Yes,,,,,,,,,,,,,,,,,,,,
2425-77-6,2-Hexyl-1-decanol,4,C16H34O,CCCCCCCCC(CO)CCCCCC,,,,,,,,,,,,,,,,,,,,,,,,Yes,Yes,,,,,Yes,,,,,,,,,,,,,,,,,,,,,,,,,,,,,,,,,,,
1653-30-1,2-undecanol,4,C11H24O,CCCCCCCCCC(C)O,,,,,,,,,,,,,,,,,,,,,,,,Yes,Yes,,,,,Yes,,,,,,,,,,,,Yes,Yes,,,,,,,,,,,,,,,,,,,,,,
112-92-5,octadecanol,4,C18H38O,CCCCCCCCCCCCCCCCCCO,,,,,,,,,,,,,,,,,,,,,,,,Yes,Yes,,,,,Yes,,,,,,,,,,,,,,,Yes,,,Yes,,,,,,,,,,,,,,,,,
98-82-8,cumene,4,C9H12,CC(C)c1ccccc1,,,,,,,,,,,,,,,,,,,,,,,,,,,,,,,,,,,,,,,,,,Yes,,Yes,,,,,,,,,,,,,,,,,,,,yes,
1137-12-8,(+) -longicyclene,4,C15H24,CC1(C)CCC[C@@]2(C)[C@@H]3CC4C([C@H]13)C24C,,,,,,,,,,,,,,,,,,,,,,,,,,,,,,,,,,,,,,,,,,,,,,,,,,,,,,,,,,,,,,,,,
98-19-1,"5-Tert-Butyl-m-xylene / 1-(1,1-Dimethylethyl)-3,5-dimethylbenzene",4,C12H18,Cc1cc(C)cc(c1)C(C)(C)C,,,,,,,,,,,,,,,,,,,,,,,,,,,,,,,,,,,,,,,,,,,,,,,,,,,,,,,,,,,,,,,,,
108-38-3,m-xylene,4,C8H10,Cc1cccc(C)c1,,,,,,,,,,,,,,,,,,,,,,,,,,,,,,,,,,,,,,,,,,Yes,,Yes,,Yes,Yes,,,,,,,,,,,,,,,,Yes,Yes,
142-82-5,n-heptane,4,C7H16,CCCCCCC,,,,,,,,,,,,,,,,,,,,,,,,,,,,,,,,,,,,,,,,,,,,Yes,Yes,,Yes,Yes,,,,,,,,,,,,,,,Yes,,
111-84-2,n-nonane ,4,C9H20,CCCCCCCCC,,,,,,,,,,,,,,,,,,,,,,,,,,,,,,,,,,,,,,,,,,,,Yes,Yes,Yes,,Yes,,,,,,,,,,,,,,,,Yes,Yes
100-42-5,styrene,3,C8H8,C=Cc1ccccc1,,,,,,,,,,,,,,,,,,,,,,,,,,,,,,,,,,,,,,,,,Yes,Yes,Yes,Yes,Yes,Yes,Yes,Yes,Yes,Yes,,,,,,,,,,,,,,,
108-95-2,phenol,3,C6H6O,Oc1ccccc1,,,,,,,,,,,,,,,,,,,,,,,,Yes,Yes,,,,Yes,Yes,,,,,,,,,,,,Yes,Yes,Yes,Yes,,,Yes,Yes,Yes,,,,,,,,,,,,,Yes,,
64-19-7,acetic acid,3,C2H4O2,CC(O)=O,,,,,,,,,,,,Yes,Yes,,Yes,Yes,,,,,,,,Yes,Yes,Yes,,Yes,,Yes,,,,,,,,,,,,Yes,Yes,Yes,Yes,Yes,,Yes,,,Yes,,,Yes,Yes,Yes,Yes,Yes,Yes,Yes,Yes,Yes,Yes,,
821-55-6,2-nonanone,3,C9H18O,CCCCCCCC(C)=O,,,,,,,,,,,,Yes,Yes,,,,,,,,,,,,,,,Yes,,,,,,,,,,,,,,Yes,Yes,Yes,Yes,Yes,,Yes,,,,,,Yes,Yes,Yes,Yes,Yes,Yes,Yes,Yes,Yes,,,
108-67-8,"1,3,5-trimethylbenzene / Mesitylene",3,C9H12,Cc1cc(C)cc(C)c1,,,,,,,,,,,,,,,,,,,,,,,,,,,,,,,,,,,,,,,,,,,,Yes,,,,,,,,,,,,,,,,,,,,,
116-09-6,1-hydroxy-2-propanone / Hydroxyacetone / Acetol,3,C3H6O2,CC(=O)CO,,,,,,,,,,,,Yes,Yes,,,,,,,,,,,Yes,Yes,,,Yes,,Yes,,,,,,,,,,,,Yes,,Yes,,,,,,,,,,,,,,,,,,,,,
95-47-6,o-xylene,3,C8H10,Cc1ccccc1C,,,,,,,,,,,,,,,,,,,,,,,,,,,,,,,,,,,,,,,,,,Yes,,Yes,,Yes,Yes,Yes,,,,,,,,,,,,,,,Yes,Yes,
463-40-1,"(Z,Z,Z) 9,12,15-Octadecatrienoic acid / Z9,Z12,Z15-18Ald",3,C18H30O2,CC/C=C/C/C=C/C/C=C/CCCCCCCC(O)=O,,,,,,,,,,,,Yes,Yes,,Yes,Yes,,,,,,,,Yes,Yes,Yes,,Yes,,Yes,,,,,,,,,,,Yes,,,,,,,,,,,,,,,,,,,,,,,,
50767-79-8,"(Z9,E11)-Tetradecenyl acetate / Z9,E11-14:Ald / Prodlure",3,C16H28O2,CC\C=C\C=C/CCCCCCCCOC(C)=O,,,,,,,,,,,,Yes,Yes,,Yes,,,,,Yes,Yes,,,,,,,Yes,,,,,,,,,,,,,Yes,,,,,,,,,,,,,,,,,,,,,,,,
72922-19-1,"(5E,7Z)-5,7-dodecadien-1-ol acetate / E5,Z7-12:Ac",3,C14H24O2,CCCCC=CC=CCCCCOC(=O)C,,,,,,,,,,,,Yes,Yes,,Yes,,,,,Yes,Yes,,,,,,,Yes,,,,,,,,,,,,,Yes,,,,,,,,,,,,,,,,,,,,,,,,
16676-96-3,(Z)-Dodec-5-enyl acetate / Z5-12:Ac,3,C14H26O2,CCCCCC\C=C/CCCCOC(C)=O,,,,,,,,,,,,Yes,Yes,,Yes,,,,,Yes,Yes,,,,,,,Yes,,,,,,,,,,,,,Yes,,,,,,,,,,,,,,,,,,,,,,,,
104086-73-9,(Z)-3-dodecen-1-yl (E)-2-butenoate,3,C16H28O2,CCCCCCCC/C=C/CCOC(=O)\C=C/C,,,,,,,,,,,,Yes,Yes,,Yes,,,,,Yes,Yes,,,,,,,Yes,,,,,,,,,,,,,Yes,,,,,,,,,,,,,,,,,,,,,,,,
40596-69-8,Methoprene,3,C19H34O3,COC(C)(C)CCCC(C)C\C=C\C(C)=C\C(=O)OC(C)C,,,,,,,,,,,,Yes,Yes,,Yes,,,,,Yes,Yes,,,,,,,Yes,,,,,,,,,,,,,Yes,,,,,,,,,,,,,,,,,,,,,,,,
25152-85-6,(Z)-hex-3-enyl benzoate,3,C13H16O2,CC\C=C/CCOC(=O)c1ccccc1,,,,,,,,,,,,Yes,,,Yes,,,,,Yes,Yes,,,,,,,Yes,,,,,,,,,,,,,Yes,,,,,,,,,,,,,,,,,,,,,,,,
57491-33-5,(E)-11-Hexadecenal / E11-16:Ald,3,C16H30O,CCCC/C=C/CCCCCCCCCC=O,,Yes,,,,,,,,,,Yes,Yes,,,,,,,,,,,,,,,Yes,,,,,,,,,,,,,Yes,,,,,,,,,,,,,,,,,,,,,,,,
3913-81-3,"2-decenal, (E)-",3,C10H18O,CCCCCCC\C=C\C=O,,Yes,,,,,,,,,,Yes,Yes,,,,,,,,,,,,,,,Yes,,,,,,,,,,,,,Yes,,,,,Yes,,,,,,,,,,,,,,,,,,,
1196-01-6,(1S)-(-)-verbenone,3,C10H14O,CC1=CC(=O)[C@H]2C[C@@H]1C2(C)C,,,,,,,,,,,,Yes,Yes,,,,,,,,,,,,,,,Yes,,,,,,,,,,,,,Yes,,,,,,,,,,,,,,,,,,,,,,,,
214-807-2,(S)-(-)-verbenone,3,C10H14O,CC1=CC(=O)C2CC1C2(C)C,,,,,,,,,,,,Yes,Yes,,,,,,,,,,,,,,,Yes,,,,,,,,,,,,,Yes,,,,,,,,,,,,,,,,,,,,,,,,
51937-00-9,"(9E,12Z)-9,12-Tetradecadien-1-ol / Z9,E12-14:OH",3,C14H26O,C\C=C/C/C=C/CCCCCCCCO,,,,,,,,,,,,,,,,,,,,,,,,Yes,Yes,,,,,Yes,,,,,,,,,,,Yes,,,,,,,,,,,,,,,,,,,,,,,,
99-48-9,Carveol,3,C10H16O,CC(=C)C1CC=C(C)C(O)C1,,,,,,,,,,,,,,,,,,,,,,,,Yes,Yes,,,,,Yes,,,,,,,,,,,Yes,,Yes,Yes,,,,,,,,,,,,,,,,,,,,,
126-91-0,L-Linalool,3,C10H18O,CC(C)=CCC[C@@](C)(O)C=C,,,,,,,,,,,,,,,,,,,,,,,,Yes,Yes,,,,,Yes,,,,,,,,,,,Yes,,,,,,,,,,,,,,,,,,,,,,,,
25312-34-9,alpha-ionol,3,C13H22O,CC(O)/C=C/C1C(=CCCC1(C)C)C,,,,,,,,,,,,,,,,,,,,,,,,Yes,Yes,,,,,Yes,,,,,,,,,,,Yes,,,,,,,,,,,,,,,,,,,,,,,,
10340-23-5,cis-3-Nonen-1-ol,3,C9H18O,CCCCC\C=C/CCO,,,,,,,,,,,,,,,,,,,,,,,,Yes,Yes,,,,,Yes,,,,,,,,,,,Yes,,,,,,,,,,,,,,,,,,,,,,,,
71510-51-5,"(E,Z)-5,7-Dodecadien-1-ol  / E5,Z7-12:OH",3,C12H22O,CCCCC=CC=CCCCCO,,,,,,,,,,,,,,,,,,,,,,,,Yes,Yes,,,,,Yes,,,,,,,,,,,Yes,,,,,,,,,,,,,,,,,,,,,,,,
73416-71-4,"(Z,E)-5,7-Dodecadien-1-ol / Z5,E7-12:OH",3,C12H22O,CCCCC=CC=CCCCCO,,,,,,,,,,,,,,,,,,,,,,,,Yes,Yes,,,,,Yes,,,,,,,,,,,Yes,,,,,,,,,,,,,,,,,,,,,,,,
140-67-0,p-allyl anisole  / estragole,3,C10H12O,COc1ccc(CC=C)cc1,,,,,,,,,,,,,,,,,,,,,Yes,,,,,,,,,,,,,,,,,,,,Yes,Yes,,Yes,,,,Yes,,,,,,,,,,,,,,,,,
6874-44-8,cis-(3Z)-alpha-ocimene,3,C10H16,CC(=C)CCC=C(C)C=C,,,,,,,,,,,,,,,,,,,,,,,,,,,,,,,,,,,,,,,,,Yes,,,,,,,,,,,,,,,,,,,,,,,,
28973-97-9,(Z)-β-farnesene /  cis-β-farnesene,3,C15H24,CC(C)=CCC\C(C)=C/CCC(=C)C=C,,,,,,,,,,,,,,,,,,,,,,,,,,,,,,,,,,,,,,,,,Yes,,,,,,,,,,,,,,,,,,,,,,,,
57-11-4,octadecanoic acid  / stearic acid,3,C18H36O2,CCCCCCCCCCCCCCCCCC(O)=O,,,,,,,,,,,,Yes,Yes,,Yes,Yes,,,,,,,,Yes,Yes,Yes,,Yes,,Yes,,,,,,,,,,,,,,,Yes,,,Yes,,,,,,,,,,,,,,,,,
140-11-4,Benzyl acetate,3,C9H10O2,CC(=O)OCc1ccccc1,,,,,,,,,,,,Yes,Yes,,Yes,,,,,Yes,Yes,,,,,,,Yes,,,,,,,,,,,,,,,,,Yes,,,Yes,,,,,,,,,,,,,,,,,
589-75-3,Butyl caprylate,3,C12H24O2,CCCCCCCC(=O)OCCCC,,,,,,,,,,,,Yes,Yes,,Yes,,,,,Yes,Yes,,,,,,,Yes,,,,,,,,,,,,,,,,,,,,,,,,,,,,,,,,,,,,,
110-38-3,"decanoic acid, ethyl ester / Ethyl decanoate",3,C12H24O2,CCCCCCCCCC(=O)OCC,,,,,,,,,,,,Yes,Yes,,Yes,,,,,Yes,Yes,,,,,,,Yes,,,,,,,,,,,,,,,,,,Yes,,,,,,,,,,,,,,,,,,,
112-66-3,Dodecyl acetate / 12:Ac,3,C14H28O2,CCCCCCCCCCCCOC(C)=O,,,,,,,,,,,,Yes,Yes,,Yes,,,,,Yes,Yes,,,,,,,Yes,,,,,,,,,,,,,,,,,,,,,,,,,,,,,,,,,,,,,
14041-81-7,p-tert-Butylphenyl benzoate,3,C17H18O2,CC(C)(C)c1ccc(OC(=O)c2ccccc2)cc1,,,,,,,,,,,,Yes,,,Yes,,,,,Yes,Yes,,,,,,,Yes,,,,,,,,,,,,,,,,,,,,,,,,,,,,,,,,,,,,,
13936-99-7,p Isopropylphenyl benzoate,3,C16H16O2,CC(C)c1ccc(OC(=O)c2ccccc2)cc1,,,,,,,,,,,,Yes,,,Yes,,,,,Yes,Yes,,,,,,,Yes,,,,,,,,,,,,,,,,,,,,,,,,,,,,,,,,,,,,,
5444-77-9,4-Methylpentyl benzoate,3,C13H18O2,CC(C)CCCOC(=O)c1ccccc1,,,,,,,,,,,,Yes,,,Yes,,,,,Yes,Yes,,,,,,,Yes,,,,,,,,,,,,,,,,,,,,,,,,,,,,,,,,,,,,,
94134-32-4,butyl p-tert- butylbenzoate,3,C15H22O2,CCCCOC(=O)c1ccc(cc1)C(C)(C)C,,,,,,,,,,,,Yes,,,Yes,,,,,Yes,Yes,,,,,,,Yes,,,,,,,,,,,,,,,,,,,,,,,,,,,,,,,,,,,,,
26537-19-9,Butyl p-tertbutylbenzoate,3,C12H16O2,COC(=O)c1ccc(cc1)C(C)(C)C,,,,,,,,,,,,Yes,,,Yes,,,,,Yes,Yes,,,,,,,Yes,,,,,,,,,,,,,,,,,,,,,,,,,,,,,,,,,,,,,
592-84-7,"methanoic acid, butyl ester, butyl formate",3,C5H10O2,CCCCOC=O,,,,,,,,,,,,Yes,,,Yes,,,,,,Yes,,,,,,,Yes,,,,,,,,,,,,,,Yes,,,,,,,,,,,,,,,,,,,,,,,
1453-82-3,Isonicotinamide,3,C6H6N2O,NC(=O)c1ccncc1,,,Yes,,,,,,,,,Yes,,Yes,,,,,,,,,,,,,,Yes,,,,,,,,,,,,,,,,,,,,,,,,,,,,,,,,,,,,,
943-15-7,3-Nitrocymene,3,C10H13NO2,CC(C)c1ccc(C)c(c1)[N+]([O-])=O,,,,,,,,,,,,,,,,,,,,,,,,,,,,,,,,,,Yes,,,,,,,,,,,,,,,,,,,,,,,,,,,,,,,
207671−50−9,Rutin hydrate,3,C27H30O16,CC1C(C(C(C(O1)OCC2C(C(C(C(O2)OC3=C(OC4=CC(=CC(=C4C3=O)O)O)C5=CC(=C(C=C5)O)O)O)O)O)O)O)O,,,,,,,,,,,,,,,,,,,,,Yes,,,Yes,Yes,,,,Yes,Yes,,,,,,,,,,,,,,,,,,,,,,,,,,,,,,,,,,,
96-76-4,"2,4-di-tert-butylphenol",3,C14H22O,CC(C)(C)c1ccc(O)c(c1)C(C)(C)C,,,,,,,,,,,,,,,,,,,,,,,,Yes,Yes,,,,Yes,Yes,,,,,,,,,,,,,,,,,,,,,,,,,,,,,,,,,,,
546-79-2,sabinene hydrate,3,C10H18O,CC(C)[C@]12CC[C@@](C)(O)[C@@H]1C2,,,,,,,,,,,,,,,,,,,,,,,,Yes,Yes,,,,,Yes,,,,,,,,,,,,,,,,,,,,,,,,,,,,,,,,,,,
52783-44-5,Heptadecanol,3,C17H36O,CCCCCCCCCCCCCCCCCO,,,,,,,,,,,,,,,,,,,,,,,,Yes,Yes,,,,,Yes,,,,,,,,,,,,,,,,,,,,,,,,,,,,,,,,,,,
100-66-3,Methoxybenzene / Anisole,3,C7H8O,COc1ccccc1,,,,,,,,,,,,,,,,,,,,,Yes,,,,,,,,,,,,,,,,,,,,,,,,,,,,,,,,,,,,,,,,,,,,
-,2-Pyrrolyl-p-methyl-azobenzene,3,C17H15N3,C1=CC(=CC=C1N=NC2=C(C=CC=C2)[N]3C=CC=C3)C,,,,,Yes,,Yes,,,,,,,,,,,,,,,,,,,,,,,,,,,,,,,,,,,,,,,,,,,,,,,,,,,,,,,,,,
2257-09-2,Phenethyl isothiocyanate,3,C9H9NS,S=C=NCCc1ccccc1,,,,,,,,,,,,,,,,,,,,,,,,,,,,,,,,,,,,,,,,,,,,,,,,,,,,,,,,,,,,,,,,,
67-64-1,acetone,2,C3H6O,CC(C)=O,,,,,,,,,,,,Yes,Yes,,,,,,,,,,,,,,,Yes,,,,,,,,,,,,,,Yes,Yes,Yes,Yes,Yes,Yes,Yes,Yes,Yes,Yes,Yes,,,,,,,,,,,,Yes,
64-17-5,ethanol,2,C2H6O,CCO,,,,,,,,,,,,,,,,,,,,,,,,Yes,Yes,,,,,Yes,,,,,,,,,,,,Yes,Yes,Yes,,,Yes,Yes,,,,,,Yes,Yes,Yes,Yes,Yes,Yes,Yes,Yes,Yes,,Yes,
431-03-8,"2,3-butanedione",2,C4H6O2,CC(=O)C(C)=O,,,,,,,,,,,,Yes,Yes,,,,,,,,,,,,,,,Yes,,,,,,,,,,,,,,Yes,Yes,Yes,,Yes,,Yes,,,,,,,,,,,,,,,,,
78-85-3,2-methyl-2-propenal / methacrolein,2,C4H6O,CC(=C)C=O,,Yes,,,,,,,,,,Yes,Yes,,,,,,,,,,,,,,,Yes,,,,,,,,,,,,,Yes,Yes,Yes,Yes,,,,Yes,,,,,,,,,,,,,,,,,
334-20-3,Queen substance / (E)-9-oxodec-2-enoic acid  / 9-ODA,2,C10H16O3,CC(=O)CCCCC\C=C\C(O)=O,,,,,,,,,,,,Yes,Yes,,Yes,Yes,,,,,,,,Yes,Yes,Yes,,Yes,,Yes,,,,,,,,,,,Yes,,,,,,,,,,,,,,,,,,,,,,,,
2271-34-3,11-Hexadecenoic Acid,2,C16H30O2,CCCC/C=C/CCCCCCCCCC(O)=O,,,,,,,,,,,,Yes,Yes,,Yes,Yes,,,,,,,,Yes,Yes,Yes,,Yes,,Yes,,,,,,,,,,,Yes,,,,,,,,,,,,,,,,,,,,,,,,
13126-39-1,(Z)-13-Octadecenoic acid,2,C18H34O2,CCCC/C=C/CCCCCCCCCCCC(O)=O,,,,,,,,,,,,Yes,Yes,,Yes,Yes,,,,,,,,Yes,Yes,Yes,,Yes,,Yes,,,,,,,,,,,Yes,,,,,,,,,,,,,,,,,,,,,,,,
544-64-9,(Z)-9-tetradecenoic acid,2,C14H26O2,CCCC\C=C/CCCCCCCC(O)=O,,,,,,,,,,,,Yes,Yes,,Yes,Yes,,,,,,,,Yes,Yes,Yes,,Yes,,Yes,,,,,,,,,,,Yes,,,,,,,,,,,,,,,,,,,,,,,,
373-49-9,9-hexadecenoic acid  / palmitoleic acid,2,C16H30O2,CCCCCC\C=C/CCCCCCCC(O)=O,,,,,,,,,,,,Yes,Yes,,Yes,Yes,,,,,,,,Yes,Yes,Yes,,Yes,,Yes,,,,,,,,,,,Yes,,,,Yes,,,Yes,,,,,,,,,,,,,,,,,
112-80-1,Oleate,2,C18H34O2,CCCCCCCC/C=C/CCCCCCCC(O)=O,,,,,,,,,,,,Yes,Yes,,Yes,Yes,,,,,,,,Yes,Yes,Yes,,Yes,,Yes,,,,,,,,,,,Yes,,,,,,,,,,,,,,,,,,,,,,,,
40870-55-1,"2-(Acetoxymethyl)-1,4-benzoquinone",2,C9H8O4,CC(=O)OCC1=CC(=O)C=CC1=O,,,,,,,,,,,,Yes,Yes,,Yes,,,,,Yes,Yes,,,,,,,Yes,,,,,,,,,,,,,Yes,,,,,,,,,,,,,,,,,,,,,,,,
849762-24-9,blattellaquinone,2,C12H14O4,CC(C)CC(=O)OCC1=CC(=O)C=CC1=O,,,,,,,,,,,,Yes,Yes,,Yes,,,,,Yes,Yes,,,,,,,Yes,,,,,,,,,,,,,Yes,,,,,,,,,,,,,,,,,,,,,,,,
35154-45-1,(Z)‐3‐Hexenyl isovalerate,2,C11H20O2,CC\C=C/CCOC(=O)CC(C)C,,,,,,,,,,,,Yes,Yes,,Yes,,,,,Yes,Yes,,,,,,,Yes,,,,,,,,,,,,,Yes,,,,,,,,,,,,,,,,,,,,,,,,
55774-32-8,"(E,Z)‐7,9‐dodecadienyl acetate",2,C14H24O2,CC\C=C\C=C/CCCCCCOC(C)=O,,,,,,,,,,,,Yes,Yes,,Yes,,,,,Yes,Yes,,,,,,,Yes,,,,,,,,,,,,,Yes,,,,,,,,,,,,,,,,,,,,,,,,
78350-11-5,"(5Z,7E)-5,7-dodecadien-1-ol acetate / Z5,E7-12:Ac",2,C14H24O2,CCCCC=CC=CCCCCOC(=O)C,,,,,,,,,,,,Yes,Yes,,Yes,,,,,Yes,Yes,,,,,,,Yes,,,,,,,,,,,,,Yes,,,,,,,,,,,,,,,,,,,,,,,,
53042‐79‐8,HDA /  11E‐hexadecadien‐1‐ol acetate,2,C18H32O2,CCCCC=CCCC=CCCCCCCOC(=O)C,,,,,,,,,,,,Yes,Yes,,Yes,,,,,Yes,Yes,,,,,,,Yes,,,,,,,,,,,,,Yes,,,,,,,,,,,,,,,,,,,,,,,,
112-62-9,Methyl oleate,2,C19H36O2,CCCCCCCC/C=C/CCCCCCCC(=O)OC,,,,,,,,,,,,Yes,Yes,,Yes,,,,,Yes,Yes,,,,,,,Yes,,,,,,,,,,,,,Yes,,,,,,,,,,,,,,,,,,,,,,,,
103-36-6,Ethyl cinnamate,2,C11H12O2,CCOC(=O)\C=C\c1ccccc1,,,,,,,,,,,,Yes,Yes,,Yes,,,,,Yes,Yes,,,,,,,Yes,,,,,,,,,,,,,Yes,,,,,,,,,,,,,,,,,,,,,,,,
24198-95-6,"trans,trans-10,11-Epoxy-3,7,11-trimethyl-2,6-dodecadienic acid methyl ester , JHIII",2,C16H26O3,COC(=O)/C=C(C)/CC/C=C(C)/CCC1OC1(C)C,,,,,,,,,,,,Yes,Yes,,Yes,,,,,Yes,Yes,,,,,,,Yes,,,,,,,,,,,,,Yes,,,,,,,,,,,,,,,,,,,,,,,,
67566-09-0,"(3,6-Dioxocyclohexa-1,4-dien-1-yl)methyl propanoate",2,C11H12O5,COC(=O)CCC1=CC(=O)C(=CC1=O)OC,,,,,,,,,,,,Yes,Yes,,Yes,,,,,Yes,Yes,,,,,,,Yes,,,,,,,,,,,,,Yes,,,,,,,,,,,,,,,,,,,,,,,,
105-86-2,Geranyl formate,2,C11H18O2,CC(C)=CCC\C(C)=C\COC=O,,,,,,,,,,,,Yes,,,Yes,,,,,,Yes,,,,,,,Yes,,,,,,,,,,,,,Yes,,,,,,,,,,,,,,,,,,,,,,,,
13419-69-7,trans-2-Hexenoic acid,2,C6H9O2,CCC\C=C\C([O-])=O,,,,,,,,,,,Yes,Yes,Yes,,Yes,Yes,,,,,,,,,,,,Yes,,,,,,,,,,,,,Yes,,,,,,,,,,,,,,,,,,,,,,,,
106-26-3,(Z)-Citral                                      ,2,C10H16O,CC(C)=CCC\C(C)=C/C=O,,Yes,,,,,,,,,,Yes,Yes,,,,,,,,,,,,,,,Yes,,,,,,,,,,,,,Yes,,,,,,,,,,,,,,,,,,,,,,,,
2492-43-5,(E)-4-oxohex-2-enal,2,C6H8O2,CCC(=O)/C=C/C=O,,Yes,,,,,,,,,,Yes,Yes,,,,,,,,,,,,,,,Yes,,,,,,,,,,,,,Yes,,,,,,,,,,,,,,,,,,,,,,,,
16635-54-4,(Z)-2-Hexenal,2,C6H10O,CCC\C=C/C=O,,Yes,,,,,,,,,,Yes,Yes,,,,,,,,,,,,,,,Yes,,,,,,,,,,,,,Yes,,,,,,,,,,,,,,,,,,,,,,,,
75539-65-0,"(E,Z)-5,7-Dodecadienal / E5,Z7-12:Ald",2,C12H20O,CCCCC=CC=CCCCC=O,,Yes,,,,,,,,,,Yes,Yes,,,,,,,,,,,,,,,Yes,,,,,,,,,,,,,Yes,,,,,,,,,,,,,,,,,,,,,,,,
2463-53-8,2-nonenal,2,C9H16O,CCCCCC\C=C/C=O,,Yes,,,,,,,,,,Yes,Yes,,,,,,,,,,,,,,,Yes,,,,,,,,,,,,,Yes,,,,Yes,,,,,,,,,,,,,,,,,,,,
56797-40-1,(Z)-7-hexadecenal / Z7-16:Ald,2,C16H30O,CCCCCCCC\C=C/CCCCCC=O,,Yes,,,,,,,,,,Yes,Yes,,,,,,,,,,,,,,,Yes,,,,,,,,,,,,,Yes,,,,,,,,,,,,,,,,,,,,,,,,
930-68-7,2-Cyclohexen-1-one,2,C6H8O,O=C1CCCC=C1,,,,,,,,,,,,Yes,Yes,,,,,,,,,,,,,,,Yes,,,,,,,,,,,,,Yes,,,Yes,,,,,,,,,,,,,,,,,,,,,
2050‐87‐5,DATS /  diallyl trisulphide,2,C6H10S3,C=CCSSSCC=C,,,,,,,,,,,,,,,,,,Yes,,,,,,,,,,,,,,Yes,,,,Yes,,,,,Yes,,,,,,,,,,,,,,,,,,,,,,,,
7540-51-4,(-)-β-Citronellol,2,C10H20O,C[C@H](CCO)CCC=C(C)C,,,,,,,,,,,,,,,,,,,,,,,,Yes,Yes,,,,,Yes,,,,,,,,,,,Yes,,,,,,,,,,,,,,,,,,,,,,,,
556-82-1,3-methyl-2-buten-1-ol,2,C5H10O,CC(C)=CCO,,,,,,,,,,,,,,,,,,,,,,,,Yes,Yes,,,,,Yes,,,,,,,,,,,Yes,Yes,,,,,,,,,,,,,,,,,,,,,,,
50306-18-8,"(5Z)‐1,5‐Octadien‐3‐ol",2,C8H14O,CC\C=C/CC(O)C=C,,,,,,,,,,,,,,,,,,,,,,,,Yes,Yes,,,,,Yes,,,,,,,,,,,Yes,,,,,,,,,,,,,,,,,,,,,,,,
928-97-2,E-3-hexen-1-ol,2,C6H12O,CCC=CCCO,,,,,,,,,,,,,,,,,,,,,,,,Yes,Yes,,,,,Yes,,,,,,,,,,,Yes,,,,,,,,,,,,,,,,,,,,,,,,
51652-47-2,(Z)-5-Decen-1-ol / Z5-10:OH,2,C10H20O,CCCC\C=C/CCCCO,,,,,,,,,,,,,,,,,,,,,,,,Yes,Yes,,,,,Yes,,,,,,,,,,,Yes,,,,,,,,,,,,,,,,,,,,,,,,
31502-14-4,Trans-2-nonen-1-ol,2,C9H18O,CCCCCC/C=C/CO,,,,,,,,,,,,,,,,,,,,,,,,Yes,Yes,,,,,Yes,,,,,,,,,,,Yes,,,,,,,,,,,,,,,,,,,,,,,,
119072-10-5,"1,Z3,Z6-9S,10R-epoxy-21Hy / (Z,Z)-1,3,6-cis-9,10-Epoxyheneicosatriene / TEEP",2,C21H36O,CCCCCCCCCCCC1C(O1)CC=CCC=CC=C,,,,,,,,,,,,,,,,,,,,,Yes,,,,,,,,,,,,,,,,,,,,Yes,,,,,,,,,,,,,,,,,,,,,,,,
469-61-4,(-) -a-cedrene,2,C15H24,C[C@@H]1CC[C@H]2C(C)(C)C3C[C@@]12CC=C3C,,,,,,,,,,,,,,,,,,,,,,,,,,,,,,,,,,,,,,,,,Yes,,,,,,,,,,,,,,,,,,,,,,,,
15186-51-3,Rosefuran,2,C10H14O,CC(C)=CCc1occc1C,,,,,,,,,,,,,,,,,,,,,,,,,,,,,,,,,,,,,,,,,Yes,,,,,,,,,,,,,,,,,,,,,,,,
475-20-7,(+)-Longifolene,2,C15H24,CC1(C)CCCC2(C)C3CCC(C13)C2=C,,,,,,,,,,,,,,,,,,,,,,,,,,,,,,,,,,,,,,,,,Yes,,,,,,,,,,,,,,,,,,,,,,,,
18431-82-8,beta-chamigrene,2,C15H24,CC1=CC[C@@]2(CC1)C(=C)CCCC2(C)C,,,,,,,,,,,,,,,,,,,,,,,,,,,,,,,,,,,,,,,,,Yes,,,,,,,,,,,,,,,,,,,,,,,,
498-15-7,(+)‐3‐carene,2,C10H16,CC1=CC[C@@H]2[C@H](C1)C2(C)C,,,,,,,,,,,,,,,,,,,,,,,,,,,,,,,,,,,,,,,,,Yes,,,,,,,,,,,,,,,,,,,,,,,,
1461-03-6,β‐Himachalane,2,C15H24,CC1=CC2C(=C(C)CCCC2(C)C)CC1,,,,,,,,,,,,,,,,,,,,,,,,,,,,,,,,,,,,,,,,,Yes,,,,,,,,,,,,,,,,,,,,,,,,
25246-27-9,(−)‐Alloaromadendrene,2,C15H24,CC1CCC2C1C3C(CCC2=C)C3(C)C,,,,,,,,,,,,,,,,,,,,,,,,,,,,,,,,,,,,,,,,,Yes,,,,,,,,,,,,,,,,,,,,,,,,
72561-88-7,"3Z,6Z,9Z-Octadecatriene / Z3Z6Z9-18:Hy",2,C18H32O,CCCCCCCCC=CCC=CCC=CCC,,,,,,,,,,,,,,,,,,,,,,,,,,,,,,,,,,,,,,,,,Yes,,,,,,,,,,,,,,,,,,,,,,,,
30560-19-1,Acephate,2,C4H10NO3PS,CO[P](=O)(NC(C)=O)SC,,,Yes,,,,,,,,,Yes,Yes,Yes,,,,,,,,,,,,,,Yes,,,,Yes,,,,Yes,,,,,,,,,,,,,,,,,,,,,,,,,,,,,
18598-74-8,L-isoleucine methyl ester hydrochloride,2,C7H15NO2,CC[C@H](C)[C@H](N)C(=O)OC,,,,,,,,,,,,Yes,Yes,,Yes,,,,,Yes,Yes,,,,,,,Yes,,,Yes,,,,Yes,,,,,,,,,,,,,,,,,,,,,,,,,,,,,,
1401-55-4,Tannic acid,2,C76H52O46,Oc1cc(cc(O)c1O)C(=O)Oc2cc(cc(O)c2O)C(=O)OCC3OC(OC(=O)c4cc(O)c(O)c(OC(=O)c5cc(O)c(O)c(O)c5)c4)C(OC(=O)c6cc(O)c(O)c(OC(=O)c7cc(O)c(O)c(O)c7)c6)C(OC(=O)c8cc(O)c(O)c(OC(=O)c9cc(O)c(O)c(O)c9)c8)C3OC(=O)c%10cc(O)c(O)c(OC(=O)c%11cc(O)c(O)c(O)c%11)c%10,,,,,,,,,,,,Yes,,,Yes,,,,,Yes,Yes,,,Yes,Yes,,,Yes,Yes,Yes,,,,,,,,,,,,,,,,,,,,,,,,,,,,,,,,,,,
142-62-1,hexanoic acid  / caproic acid,2,C6H12O2,CCCCCC(O)=O,,,,,,,,,,,,Yes,Yes,,Yes,Yes,,,,,,,,Yes,Yes,Yes,,Yes,,Yes,,,,,,,,,,,,Yes,,Yes,Yes,,,,,,,,,,,,,,,,,,,,
334-48-5,decanoic acid,2,C10H20O2,CCCCCCCCCC(O)=O,,,,,,,,,,,,Yes,Yes,,Yes,Yes,,,,,,,,Yes,Yes,Yes,,Yes,,Yes,,,,,,,,,,,,,,,Yes,Yes,,,,,,,,,,,,,,,,,,,
603-79-2,"2,3-Dimethylbenzoic acid",2,C9H10O2,Cc1cccc(C(O)=O)c1C,,,,,,,,,,,,Yes,,,Yes,Yes,,,,,,,,Yes,Yes,Yes,,Yes,,Yes,,,,,,,,,,,,,,,,,,,,,,,,,,,,,,,,,,,
119515-38-7,picaridin / (butan-2-yl 2-(2-hydroxyethyl)piperidine-1-carboxylate),2,C12H23NO3,CCC(C)OC(=O)N1CCCCC1CCO,,,,,,,,,Yes,Yes,,Yes,,Yes,Yes,,,,,,Yes,,,Yes,Yes,,,Yes,,Yes,,,,,,,,,,,,,,,,,,,,,,,,,,,,,,,,,,,
147859-80-1,L-trans-epoxysuccinyl-isoleucyl-proline methyl ester propylamide,2,C19H31N3O6,CCCNC(=O)C1C(O1)C(=O)NC(C(C)CC)C(=O)N2CCCC2C(=O)OC,,,Yes,Yes,,,,,,,,Yes,Yes,Yes,Yes,,,,,Yes,Yes,,,,,,,Yes,,,,,,,,,,,,,,,,,,,,,,,,,,,,,,,,,,,,,
459-73-4,Glycine ethyl ester,2,C4H10ClNO2,[Cl-].CCOC(=O)C[NH3+],,,,,,,,,,,,Yes,Yes,,Yes,,,,,Yes,Yes,,,,,,,Yes,,,,,,,,,,,,,,,,,,,,,,,,,,,,,,,,,,,,,
624-13-5,Propyl octanoate,2,C11H22O2,CCCCCCCC(=O)OCCC,,,,,,,,,,,,Yes,Yes,,Yes,,,,,Yes,Yes,,,,,,,Yes,,,,,,,,,,,,,,,,,,,,,,,,,,,,,,,,,,,,,
85551-39-9,"MOP / (5R,6S)-6-acetoxy-5-hexadecanolide",2,C18H32O4,CCCCCCCCCC[C@H](OC(C)=O)[C@H]1CCCC(=O)O1,,,,,,,,,,,,Yes,Yes,,Yes,,,,,Yes,Yes,,,,,,,Yes,,,,,,,,,,,,,,,,,,,,,,,,,,,,,,,,,,,,,
112-39-0,"hexadecanoic acid, methyl ester  / methyl palmitate  / methyl hexadecanoate",2,C17H34O2,CCCCCCCCCCCCCCCC(=O)OC,,,,,,,,,,,,Yes,Yes,,Yes,,,,,Yes,Yes,,,,,,,Yes,,,,,,,,,,,,,,,,,Yes,Yes,,Yes,,,,,,,,,,,,,,,,,
628-97-7,"hexadecanoic acid, ethyl ester / Ethyl hexadecanoate",2,C18H36O2,CCCCCCCCCCCCCCCC(=O)OCC,,,,,,,,,,,,Yes,Yes,,Yes,,,,,Yes,Yes,,,,,,,Yes,,,,,,,,,,,,,,,,,Yes,,,,,,,,,,,,,,,,,,,,
111-06-8,"hexadecanoic acid, butyl ester / Butyl palmitate",2,C20H40O2,CCCCCCCCCCCCCCCC(=O)OCCCC,,,,,,,,,,,,Yes,Yes,,Yes,,,,,Yes,Yes,,,,,,,Yes,,,,,,,,,,,,,,,,,Yes,,,,,,,,,,,,,,,,,,,,
105-37-3,"propanoic acid, ethyl ester / ethyl propionate",2,C5H10O2,CCOC(=O)CC,,,,,,,,,,,,Yes,Yes,,Yes,,,,,Yes,Yes,,,,,,,Yes,,,,,,,,,,,,,,Yes,,Yes,,,,,,,,Yes,,,,,,,,,,,,,
3130-19-6,"Bis(3,4-epoxycyclohexylmethyl) adipate",2,C20H30O6,O=C(CCCCC(=O)OCC1CCC2OC2C1)OCC3CCC4OC4C3,,,,,,,,,,,,Yes,Yes,,Yes,,,,,Yes,Yes,,,,,,,Yes,,,,,,,,,,,,,,,,,,,,,,,,,,,,,,,,,,,,,
2315-68-6,Propyl benzoate,2,C10H12O2,CCCOC(=O)c1ccccc1,,,,,,,,,,,,Yes,,,Yes,,,,,Yes,Yes,,,,,,,Yes,,,,,,,,,,,,,,,,,,,,,,,,,,,,,,,,,,,,,
117-82-8,Bis(methylglycol) phthalate,2,C14H18O6,COCCOC(=O)c1ccccc1C(=O)OCCOC,,,,,,,,,,,,Yes,,,Yes,,,,,Yes,Yes,,,,,,,Yes,,,,,,,,,,,,,,,,,,,,,,,,,,,,,,,,,,,,,
93-99-2,Phenyl benzoate,2,C13H10O2,O=C(Oc1ccccc1)c2ccccc2,,,,,,,,,,,,Yes,,,Yes,,,,,Yes,Yes,,,,,,,Yes,,,,,,,,,,,,,,,,,,,,,,,,,,,,,,,,,,,,,
123-11-5,4-methoxybenzaldehyde / p-anisaldehyde,2,C8H8O2,COc1ccc(C=O)cc1,,Yes,,,,,,,,,,Yes,,,,,,,,,Yes,,,,,,,Yes,,,,,,,,,,,,,,,,,Yes,,,,,,,,,,,,,,,,,,,,
117633-03-1,1-Pentanecarbaldehyde,2,C6H8O,C1C2CC1(C2)C=O,,Yes,,,,,,,,,,Yes,Yes,,,,,,,,,,,,,,,Yes,,,,,,,,,,,,,,,,,,,,,,,,,,,,,,,,,,,,,
106-68-3,3-octanone,2,C8H16O,CCCCCC(=O)CC,,,,,,,,,,,,Yes,Yes,,,,,,,,,,,,,,,Yes,,,,,,,,,,,,,,Yes,Yes,Yes,,Yes,,Yes,,,,Yes,,,,,,,,,,,,,
693-54-9,2-decanone,2,C10H20O,CCCCCCCCC(C)=O,,,,,,,,,,,,Yes,Yes,,,,,,,,,,,,,,,Yes,,,,,,,,,,,,,,Yes,,,Yes,Yes,,Yes,,,,,,,,,,,,,,,,,
6028-61-1,dipropyl trisulfide,2,C6H14S3,CCCSSSCCC,,,,,,,,,,,,,,,,,,Yes,,,,,,,,,,,,,,Yes,,,,Yes,,,,,,,,,,,,,,,,,,,,,,,,,,,,,
140-29-4,Phenylacetonitrile,2,C8H7N,N#CCc1ccccc1,,,,,,,,,,,,,,,,,,,,,,,,,,,,,,,,,Yes,,,,,,,,,,,,,,,,,,,,,,,,,,,,,,,,
153-18-4,Rutin,2,C27H30O16,C[C@@H]1O[C@@H](OC[C@H]2O[C@@H](OC3=C(Oc4cc(O)cc(O)c4C3=O)c5ccc(O)c(O)c5)[C@H](O)[C@@H](O)[C@@H]2O)[C@H](O)[C@H](O)[C@H]1O,,,,,,,,,,,,,,,,,,,,,Yes,,,Yes,Yes,,,,Yes,Yes,,,,,,,,,,,,,,,,,,,,,,,,,,,,,,,,,,,
18829-70-4,(-)-Catechin,2,C15H14O6,OC1Cc2c(O)cc(O)cc2OC1c3ccc(O)c(O)c3,,,,,,,,,,,,,,,,,,,,,Yes,,,Yes,Yes,,,,Yes,Yes,,,,,,,,,,,,,,,,,,,,,,,,,,,,,,,,,,,
520-18-3,Kaempferol,2,C15H10O6,Oc1ccc(cc1)C2=C(O)C(=O)c3c(O)cc(O)cc3O2,,,,,,,,,,,,,,,,,,,,,,,,Yes,Yes,,,,Yes,Yes,,,,,,,,,,,,,,,,,,,,,,,,,,,,,,,,,,,
-,4-(1-oxaspiro[2.2]pent-2-yl)butan-1-ol,2,C8H14O2,C1CC12C(O2)CCCCO,,,,,,,,,,,,,,,,,,,,,Yes,,,Yes,Yes,,,,,Yes,,,,,,,,,,,,,,,,,,,,,,,,,,,,,,,,,,,
88644-30-8,Neoisolongifolane,2,C15H26O,CC1(CCCC2(C13CCC(C3)C2(C)C)O)C,,,,,,,,,,,,,,,,,,,,,,,,Yes,Yes,,,,,Yes,,,,,,,,,,,,,,,,,,,,,,,,,,,,,,,,,,,
42822-86-6,"PMD / p-mentane-3,8-diol",2,C10H20O2,CC1CCC(C(O)C1)C(C)(C)O,,,,,,,,,,,,,,,,,,,,,,,,Yes,Yes,,,,,Yes,,,,,,,,,,,,,,,,,,,,,,,,,,,,,,,,,,,
18368-91-7,"2-Ethyl-1,3,3-trimethyl-2-norbornanol / 2-Ethyl fenchol",2,C12H22O,CCC1(O)C(C)(C)C2CCC1(C)C2,,,,,,,,,,,,,,,,,,,,,,,,Yes,Yes,,,,,Yes,,,,,,,,,,,,,,,,,,,,,,,,,,,,,,,,,,,
123-96-6,2-Octanol,2,C8H18O,CCCCCCC(C)O,,,,,,,,,,,,,,,,,,,,,,,,Yes,Yes,,,,,Yes,,,,,,,,,,,,,,,,,,,,,,,,,,,,,,,,,,,
30207-98-8,undecanol,2,C11H24O,CCCCCCCCCC(C)O,,,,,,,,,,,,,,,,,,,,,,,,Yes,Yes,,,,,Yes,,,,,,,,,,,,,,,Yes,,,,,,,,,,,,,,,,,,,,
1708-34-5,"2-Hexyl-1,3-dioxolane",2,C9H18O2,CCCCCCC1OCCO1,,,,,,,,,,,,,,,,,,,,,Yes,,,,,,,,,,,,,,,,,,,,,,,,,,,,,,,,,,,,,,,,,,,,
29804-22-6,"(+)-(7R, 8S)-epoxy-2-methyloctadecane",2,C19H38O,CCCCCCCCCC[C@H]1O[C@H]1CCCCC(C)C,,,,,,,,,,,,,,,,,,,,,Yes,,,,,,,,,,,,,,,,,,,,,,,,,,,,,,,,,,,,,,,,,,,,
-,2-decyl-1-oxaspiro[2.2]pentane / OXP-01,2,C14H26O,CCCCCCCCCCC1C2(O1)CC2,,,,,,,,,,,,,,,,,,,,,Yes,,,,,,,,,,,,,,,,,,,,,,,,,,,,,,,,,,,,,,,,,,,,
295-48-7,Cyclopentadecane,2,C15H30,C1CCCCCCCCCCCCCC1,,,,,,,,,,,,,,,,,,,,,,,,,,,,,,,,,,,,,,,,,,,,,,,,,,,,,,,,,,,,,,,,,
90-12-0,1‐Methylnaphthalene,2,C11H10,Cc1cccc2ccccc12,,,,,,,,,,,,,,,,,,,,,,,,,,,,,,,,,,,,,,,,,,,,,,,,,,,,,,,,,,,,,,,,,
2051-30-1,"2,6-dimethyloctane",2,C10H22,CCC(C)CCCC(C)C,,,,,,,,,,,,,,,,,,,,,,,,,,,,,,,,,,,,,,,,,,,,Yes,,,,,,,,,,,,,,,,,,,Yes,,
593-49-7,heptacosane,2,C27H56,CCCCCCCCCCCCCCCCCCCCCCCCCCC,,,,,,,,,,,,,,,,,,,,,,,,,,,,,,,,,,,,,,,,,,,,,,,,,,,,,,,,,,,,,,,,,
71-43-2,benzene,1,C6H6,c1ccccc1,,,,,,,,,,,,,,,,,,,,,,,,,,,,,,,,,,,,,,,,,,Yes,Yes,Yes,Yes,Yes,Yes,Yes,Yes,Yes,,,,,,,,,,,,,Yes,,
106-42-3,p-xylene,1,C8H10,Cc1ccc(C)cc1,,,,,,,,,,,,,,,,,,,,,,,,,,,,,,,,,,,,,,,,,,Yes,,Yes,Yes,Yes,Yes,Yes,Yes,,,,,,,,,,,,,,Yes,Yes,
107-87-9,2-pentanone,1,C5H10O,CCCC(C)=O,,,,,,,,,,,,Yes,Yes,,,,,,,,,,,,,,,Yes,,,,,,,,,,,,,,Yes,Yes,Yes,Yes,Yes,,Yes,,,,,,Yes,Yes,Yes,Yes,Yes,Yes,Yes,Yes,Yes,Yes,Yes,
23973-22-0,ethyl 2-cyano-3-(furan-2-yl)prop-2-enoate,1,C10H9NO3,CCOC(=O)\C(=C/c1occc1)C#N,,,,,,,,,,,,Yes,Yes,,Yes,,,,,Yes,Yes,,,,,,,Yes,,,,,Yes,,,,,,,,Yes,,,,,,,,,,,,,,,,,,,,,,,,
1497445-43-8,"(2E)-2-{[4-(dimethylamino)phenyl]methylidene}-4,4-dimethyl-3-oxopentanenitrile",1,C16H20N2O,CC(C)(C)C(=O)C(=CC1=CC=C(C=C1)N(C)C)C#N,,,,,,,,,,,,Yes,Yes,,,,,,,,,,,,,,,Yes,,,,,Yes,,,,,,,,Yes,,,,,,,,,,,,,,,,,,,,,,,,
327-97-9,Chlorogenic acid,1,C16H18O9,O[C@@H]1C[C@](O)(C[C@@H](OC(=O)\C=C\c2ccc(O)c(O)c2)[C@@H]1O)C(O)=O,,,,,,,,,,,,Yes,Yes,,Yes,Yes,,,,Yes,Yes,,,Yes,Yes,Yes,,Yes,Yes,Yes,,,,,,,,,,,Yes,,,,,,,,,,,,,,,,,,,,,,,,
87877-75-6,Hydroxycitronellic acid,1,C10H18O3,CC(=CCCC(C)(CC(=O)O)O)C,,,,,,,,,,,,Yes,Yes,,Yes,Yes,,,,,,,,Yes,Yes,Yes,,Yes,,Yes,,,,,,,,,,,Yes,,,,,,,,,,,,,,,,,,,,,,,,
54897-65-3,(E)-3-Tetradecenyl acetate / E3-14:Ac,1,C16H32O3,CCCCCCCCCCC=CCCO.CC(=O)O,,,,,,,,,,,,Yes,Yes,,Yes,Yes,,,,,,,,Yes,Yes,Yes,,Yes,,Yes,,,,,,,,,,,Yes,,,,,,,,,,,,,,,,,,,,,,,,
140-10-3,Cinnamic acid,1,C9H8O2,OC(=O)\C=C\c1ccccc1,,,,,,,,,,,,Yes,Yes,,Yes,Yes,,,,,,,,Yes,Yes,Yes,,Yes,,Yes,,,,,,,,,,,Yes,,,,,,,,,,,,,,,,,,,,,,,,
19473-96-2,3-[4-(methoxycarbonyl)phenyl]prop-2-enoic acid,1,C11H9O4,COC(=O)c1ccc(\C=C\C([O-])=O)cc1,,,,,,,,,,,Yes,Yes,Yes,,Yes,Yes,,,,Yes,Yes,,,,,,,Yes,,,,,,,,,,,,,Yes,,,,,,,,,,,,,,,,,,,,,,,,
35153-10-7,11‐dodecenyl acetate,1,C14H26O2,CC(=O)OCCCCCCCCCCC=C,,,,,,,,,,,,Yes,Yes,,Yes,,,,,Yes,Yes,,,,,,,Yes,,,,,,,,,,,,,Yes,,,,,,,,,,,,,,,,,,,,,,,,
16974-34-8,(E)-9-Dodecenyl acetate / E9-12:Ac,1,C14H26O2,CC/C=C/CCCCCCCCOC(C)=O,,,,,,,,,,,,Yes,Yes,,Yes,,,,,Yes,Yes,,,,,,,Yes,,,,,,,,,,,,,Yes,,,,,,,,,,,,,,,,,,,,,,,,
16974-11-1,(Z)-9-Dodecenyl acetate / Z9-12:Ac,1,C14H26O2,CC\C=C/CCCCCCCCOC(C)=O,,,,,,,,,,,,Yes,Yes,,Yes,,,,,Yes,Yes,,,,,,,Yes,,,,,,,,,,,,,Yes,,,,,,,,,,,,,,,,,,,,,,,,
53398-85-9,[(Z)-hex-3-enyl] 2-methylbutanoate,1,C11H20O2,CC\C=C/CCOC(=O)C(C)CC,,,,,,,,,,,,Yes,Yes,,Yes,,,,,Yes,Yes,,,,,,,Yes,,,,,,,,,,,,,Yes,,,,,,,,,,,,,,,,,,,,,,,,
33467-74-2,(Z)-3-hexen-1-yl propionate,1,C9H16O2,CC\C=C/CCOC(=O)CC,,,,,,,,,,,,Yes,Yes,,Yes,,,,,Yes,Yes,,,,,,,Yes,,,,,,,,,,,,,Yes,,,,,,,,,,,,,,,,,,,,,,,,
199393-24-3,"methyl (E)-3-(2,5-dimethylphenyl)-2-propenoate",1,C12H14O2,CC1=CC(=C(C=C1)C)C=CC(=O)OC,,,,,,,,,,,,Yes,Yes,,Yes,,,,,Yes,Yes,,,,,,,Yes,,,,,,,,,,,,,Yes,,,,,,,,,,,,,,,,,,,,,,,,
114498-64-5,methyl (E)-3-(4-ethylphenyl)-2-propenoate,1,C12H14O2,CCC1=CC=C(C=C1)C=CC(=O)OC,,,,,,,,,,,,Yes,Yes,,Yes,,,,,Yes,Yes,,,,,,,Yes,,,,,,,,,,,,,Yes,,,,,,,,,,,,,,,,,,,,,,,,
26553-47-9,Ethyl (E)-3-octenoate,1,C10H18O2,CCCC/C=C/CC(=O)OCC,,,,,,,,,,,,Yes,Yes,,Yes,,,,,Yes,Yes,,,,,,,Yes,,,,,,,,,,,,,Yes,,,,,,,,,,,,,,,,,,,,,,,,
60037-58-3,(Z)-13-Octadecenyl acetate / Z13-18:Ac,1,C20H38O2,CCCC\C=C/CCCCCCCCCCCCOC(C)=O,,,,,,,,,,,,Yes,Yes,,Yes,,,,,Yes,Yes,,,,,,,Yes,,,,,,,,,,,,,Yes,,,,,,,,,,,,,,,,,,,,,,,,
142-90-5,Lauryl methacrylate / Dodecyl methacrylate,1,C16H30O2,CCCCCCCCCCCCOC(=O)C(C)=C,,,,,,,,,,,,Yes,Yes,,Yes,,,,,Yes,Yes,,,,,,,Yes,,,,,,,,,,,,,Yes,,,,,,,,,,,,,,,,,,,,,,,,
64187-83-3,Ethyl cis-3-hexenoate,1,C8H14O2,CCOC(=O)C\C=C/CC,,,,,,,,,,,,Yes,Yes,,Yes,,,,,Yes,Yes,,,,,,,Yes,,,,,,,,,,,,,Yes,,,,,,,,,,,,,,,,,,,,,,,,
2396-83-0,Ethyl (E)-3-hexenoate / Ethyl hex-3-enoate,1,C8H14O2,CCOC(=O)C\C=C\CC,,,,,,,,,,,,Yes,Yes,,Yes,,,,,Yes,Yes,,,,,,,Yes,,,,,,,,,,,,,Yes,,,,,,,,,,,,,,,,,,,,,,,,
4610-69-9,(Z)-Ethyl cinnamate,1,C11H12O2,CCOC(=O)C=CC1=CC=CC=C1,,,,,,,,,,,,Yes,Yes,,Yes,,,,,Yes,Yes,,,,,,,Yes,,,,,,,,,,,,,Yes,,,,,,,,,,,,,,,,,,,,,,,,
103-26-4,Methyl cinnamate,1,C10H10O2,COC(=O)\C=C\c1ccccc1,,,,,,,,,,,,Yes,Yes,,Yes,,,,,Yes,Yes,,,,,,,Yes,,,,,,,,,,,,,Yes,,,,,,,,,,,,,,,,,,,,,,,,
301-02-0,Oleamide,1,C18H35NO,CCCCCCCC/C=C/CCCCCCCC(N)=O,,,Yes,,,,,,,,,Yes,Yes,Yes,,,,,,,,,,,,,,Yes,,,,,,,,,,,,,Yes,,,,,,,,,,,,,,,,,,,,,,,,
101-39-3,methylcinnamaldehyde,1,C10H10O,C/C(C=O)=C/c1ccccc1,,Yes,,,,,,,,,,Yes,Yes,,,,,,,,,,,,,,,Yes,,,,,,,,,,,,,Yes,,,,,,,Yes,,,,,,,,,,,,,,,,,
40642-43-1,(Z)-Tetradec-7-enol /  Z7-14:OH,1,C14H26O,CCCCCC\C=C/CCCCCC=O,,Yes,,,,,,,,,,Yes,Yes,,,,,,,,,,,,,,,Yes,,,,,,,,,,,,,Yes,,,,,,,,,,,,,,,,,,,,,,,,
79-69-6,(Z)-alpha-irone / Methyl alpha-ionone,1,C14H22O,C[C@@H]1CC=C(C)[C@H](\C=C\C(C)=O)C1(C)C,,,,,,,,,,,,Yes,Yes,,,,,,,,,,,,,,,Yes,,,,,,,,,,,,,Yes,,,,Yes,,,,,,,,,,,,,,,,,,,,
488-10-8,jasmone / cis-jasmone,1,C11H16O,CC\C=C/CC1=C(C)CCC1=O,,,,,,,,,,,,Yes,Yes,,,,,,,,,,,,,,,Yes,,,,,,,,,,,,,Yes,,,,Yes,,,Yes,,,,,,,,,,,,,,,,,
127-43-5,beta methyl ionone,1,C14H22O,CCC(=O)/C=C/C1=C(C)CCCC1(C)C,,,,,,,,,,,,Yes,Yes,,,,,,,,,,,,,,,Yes,,,,,,,,,,,,,Yes,,,,,,,,,,,,,,,,,,,,,,,,
4312-99-6,1-octen-3-one,1,C8H14O,CCCCCC(=O)C=C,,,,,,,,,,,,Yes,Yes,,,,,,,,,,,,,,,Yes,,,,,,,,,,,,,Yes,,Yes,,,Yes,,Yes,,,,,,,,,,,,,,,,,
2179-57-9,diallyl disulfide,1,C6H10S2,C=CCSSCC=C,,,,,,,,,,,,,,,,,,Yes,,,,,,,,,,,,,,Yes,,,,Yes,,,,,Yes,,Yes,,,,,,,,,,,,,,,,,,,,,,
592-88-1,diallyl sulfide,1,C6H10S,C=CCSCC=C,,,,,,,,,,,,,,,,,,,,,,,,,,,,,,,,Yes,,,,Yes,,,,,Yes,,,,,,,,,,,,,,,,,,,,,,,,
97-54-1,isoeugenol,1,C10H12O2,COc1cc(\C=C\C)ccc1O,,,,,,,,,,,,,,,,,,,,,Yes,,,Yes,Yes,,,,Yes,Yes,,,,,,,,,,,Yes,,,,Yes,,,Yes,,,,,,,,,,,,,,,,,
458-35-5,Coniferyl alcohol,1,C10H12O3,COc1cc(\C=C\CO)ccc1O,,,,,,,,,,,,,,,,,,,,,Yes,,,Yes,Yes,,,,Yes,Yes,,,,,,,,,,,Yes,,,,,,,,,,,,,,,,,,,,,,,,
130-95-0,Quinine,1,C20H24O2N2,COC1=CC2=C(C=CN=C2C=C1)C(C3CC4CCN3CC4C=C)O,,,,,,,,,,,,,,,,,,,,,Yes,,,Yes,Yes,,,,,Yes,,,,,,,,,,,Yes,,,,,,,,,,,,,,,,,,,,,,,,
107787-20-2,1-hexenol,1,C6H12O,CCCCC=CO,,,,,,,,,,,,,,,,,,,Yes,,,,,Yes,Yes,,,,,Yes,,,,,,,,,,,Yes,,,,,,,,,,,,,,,,,,,,,,,,
33956-49-9,"(E,E)-8,10-Dodecadien-1-ol / Codlemone",1,C12H22O,C/C=C/C=C/CCCCCCCO,,,,,,,,,,,,,,,,,,,,,,,,Yes,Yes,,,,,Yes,,,,,,,,,,,Yes,,,,,,,,,,,,,,,,,,,,,,,,
111-28-4,"2,4-Hexadien-1-OL / Sorbic acid",1,C6H10O,C/C=C/C=C/CO,,,,,,,,,,,,,,,,,,,,,,,,Yes,Yes,,,,,Yes,,,,,,,,,,,Yes,,,,,,,,,,,,,,,,,,,,,,,,
586-27-6,Carvenol,1,C10H18O,CC(C)C1=CC(O)C(C)CC1,,,,,,,,,,,,,,,,,,,,,,,,Yes,Yes,,,,,Yes,,,,,,,,,,,Yes,,,,,,,,,,,,,,,,,,,,,,,,
1569-60-4,6-Methyl-5-hepten-2-ol,1,C8H16O,CC(O)CCC=C(C)C,,,,,,,,,,,,,,,,,,,,,,,,Yes,Yes,,,,,Yes,,,,,,,,,,,Yes,,,,,,,,,,,,,,,,,,,,,,,,
35153-18-5,(E)-Tetradec-11-enol / (E)-11-tetradecenol,1,C14H28O,CC/C=C/CCCCCCCCCCO,,,,,,,,,,,,,,,,,,,,,,,,Yes,Yes,,,,,Yes,,,,,,,,,,,Yes,,,,,,,,,,,,,,,,,,,,,,,,
34010-15-6,(Z)-11-Tetradecen-1-ol / E11-14:OH,1,C14H28O,CC\C=C/CCCCCCCCCCO,,,,,,,,,,,,,,,,,,,,,,,,Yes,Yes,,,,,Yes,,,,,,,,,,,Yes,,,,,,,,,,,,,,,,,,,,,,,,
54364-60-2,"7E,9Z-Dodecadien-1-ol",1,C12H22O,CC\C=C\C=C/CCCCCCO,,,,,,,,,,,,,,,,,,,,,,,,Yes,Yes,,,,,Yes,,,,,,,,,,,Yes,,,,,,,,,,,,,,,,,,,,,,,,
80795-83-1,(-)-trans-Verbenol,1,C10H16O,CC1=CC(C2CC1C2(C)C)O,,,,,,,,,,,,,,,,,,,,,,,,Yes,Yes,,,,,Yes,,,,,,,,,,,Yes,,,,,,,,,,,,,,,,,,,,,,,,
2305-21-7,2-hexen-1-ol,1,C6H12O,CCC/C=C/CO,,,,,,,,,,,,,,,,,,,,,,,,Yes,Yes,,,,,Yes,,,,,,,,,,,Yes,,,,Yes,,,,,,,,,,,,,,,,,,,,
69820-27-5,(Z)-13-octadecenol  / Z13-18:OH,1,C18H36O,CCCC\C=C/CCCCCCCCCCCCO,,,,,,,,,,,,,,,,,,,,,,,,Yes,Yes,,,,,Yes,,,,,,,,,,,Yes,,,,,,,,,,,,,,,,,,,,,,,,
20056-92-2,(Z)-7-Dodecen-1-ol / Z7-12:OH,1,C12H24O,CCCC\C=C/CCCCCCO,,,,,,,,,,,,,,,,,,,,,,,,Yes,Yes,,,,,Yes,,,,,,,,,,,Yes,,,,,,,,,,,,,,,,,,,,,,,,
56578-18-8,(E)-5-Decen-1-ol / E5-10:OH,1,C10H20O,CCCC\C=C\CCCCO,,,,,,,,,,,,,,,,,,,,,,,,Yes,Yes,,,,,Yes,,,,,,,,,,,Yes,,,,,,,,,,,,,,,,,,,,,,,,
51494-28-1,"3-Nonen-1-ol, (3Z)-",1,C9H18O,CCCCC\C=C\CCO,,,,,,,,,,,,,,,,,,,,,,,,Yes,Yes,,,,,Yes,,,,,,,,,,,Yes,,,,,,,,,,,,,,,,,,,,,,,,
18485-38-6,"(E,E)-2,4-Dodecadien-1-ol",1,C12H22O,CCCCCCC\C=C\C=C\CO,,,,,,,,,,,,,,,,,,,,,,,,Yes,Yes,,,,,Yes,,,,,,,,,,,Yes,,,,,,,,,,,,,,,,,,,,,,,,
68892-27-3,(Z)-Tetradec-3-enol /  Z3-14:OH,1,C14H28O,CCCCCCCCCC\C=C/CCO,,,,,,,,,,,,,,,,,,,,,,,,Yes,Yes,,,,,Yes,,,,,,,,,,,Yes,,,,,,,,,,,,,,,,,,,,,,,,
104-54-1,Cinnamyl alcohol,1,C9H10O,OC\C=C/c1ccccc1,,,,,,,,,,,,,,,,,,,,,,,,Yes,Yes,,,,,Yes,,,,,,,,,,,Yes,,,,,,,,,,,,,,,,,,,,,,,,
112-43-6,10-Undecen-1-OL,1,C11H22O,OCCCCCCCCCC=C,,,,,,,,,,,,,,,,,,,,,,,,Yes,Yes,,,,,Yes,,,,,,,,,,,Yes,,,,,,,,,,,,,,,,,,,,,,,,
-,"(Z,Z)-3,9-6,7-epoxyoctadecadiene / Z3Z9-6,7-epo-18:Hy",1,C18H32O,CCC=CCC1C(O1)CC=CCCCCCCCC,,,,,,,,,,,,,,,,,,,,,Yes,,,,,,,,,,,,,,,,,,,,Yes,,,,,,,,,,,,,,,,,,,,,,,,
-,"(Z,Z)-3,9-6,7-epoxynonadecadiene / Z3Z9-6,7-epo-19: Hy",1,C19H34O,CCC=CCC1C(O1)CC=CCCCCCCCCC,,,,,,,,,,,,,,,,,,,,,Yes,,,,,,,,,,,,,,,,,,,,Yes,,,,,,,,,,,,,,,,,,,,,,,,
81309-90-2,"Z3,Z6-9S,10R-epoxy-21Hy / (Z,Z)-3,6-9,10-Epoxyheneicosadiene",1,C21H38O,CCCCCCCCCCCC1C(O1)CC=CCC=CCC,,,,,,,,,,,,,,,,,,,,,Yes,,,,,,,,,,,,,,,,,,,,Yes,,,,,,,,,,,,,,,,,,,,,,,,
116-04-1,beta-Humulene,1,C15H24,C/C1=C/CC(C)(C)\C=C\CC(=C)CCC1,,,,,,,,,,,,,,,,,,,,,,,,,,,,,,,,,,,,,,,,,Yes,,,,,,,,,,,,,,,,,,,,,,,,
118-65-0,isocaryophyllene,1,C15H24,C\C1=C\CCC(=C)[C@H]2CC(C)(C)[C@@H]2CC1,,,,,,,,,,,,,,,,,,,,,,,,,,,,,,,,,,,,,,,,,Yes,,,,,,,Yes,,,,,,,,,,,,,,,,,
3386-97-8,4-isothiocyanato-1-butene,1,C5H7NS,C=CCCN=C=S,,,,,,,,,,,,,,,,,,,,,,,,,,,,,,,,,,,,,,,,,Yes,,Yes,,,,,,,,,,,,,,,,,,,,,,
544-25-2,"1,3,5-cycloheptatriene",1,C7H8,C1C=CC=CC=C1,,,,,,,,,,,,,,,,,,,,,,,,,,,,,,,,,,,,,,,,,Yes,Yes,,Yes,,,,,,,,,,,,,,,,,,,Yes,,
1686-30-2,alpha-Myrcene,1,C10H16,CC(=C)CCCC(=C)C=C,,,,,,,,,,,,,,,,,,,,,,,,,,,,,,,,,,,,,,,,,Yes,,,,,,,,,,,,,,,,,,,,,,,,
4221-98-1,(R)-(-)-a-Phellandrene,1,C10H16,CC(C)[C@H]1CC=C(C)C=C1,,,,,,,,,,,,,,,,,,,,,,,,,,,,,,,,,,,,,,,,,Yes,,,,,,,,,,,,,,,,,,,,,,,,
107-40-4,"2,2,4-trimethyl-3-pentene",1,C8H16,CC(C)=CC(C)(C)C,,,,,,,,,,,,,,,,,,,,,,,,,,,,,,,,,,,,,,,,,Yes,,,Yes,,,,,,,,,,,,,,,,,,,,,
3338-55-4,cis-(3Z)-beta-ocimene,1,C10H16,CC(C)=CC/C=C(/C)C=C,,,,,,,,,,,,,,,,,,,,,,,,,,,,,,,,,,,,,,,,,Yes,,,Yes,,,,Yes,,,,,,,,,,,,,,,Yes,,
62235-06-7,"(3E, 7E)-4, 8, 12-trimethyltrideca-1, 3, 7, 11-tetraene / TMTT",1,C16H26,CC(C)=CCC/C(C)=C/CC/C(C)=C/C=C,,,,,,,,,,,,,,,,,,,,,,,,,,,,,,,,,,,,,,,,,Yes,,,,,,,,,,,,,,,,,,,,,,,,
3404-78-2,"2,5-dimethyl-2-hexene",1,C8H16,CC(C)CC=C(C)C,,,,,,,,,,,,,,,,,,,,,,,,,,,,,,,,,,,,,,,,,Yes,,,Yes,,,,,,,,,,,,,,,,,,,,,
20307-83-9,β‐Sesquiphellandrene,1,C15H24,CC(CCC=C(C)C)C1CCC(=C)C=C1,,,,,,,,,,,,,,,,,,,,,,,,,,,,,,,,,,,,,,,,,Yes,,,,,,,,,,,,,,,,,,,,,,,,
5794-03-6,(+)-Camphene,1,C10H16,CC1(C)[C@@H]2CC[C@@H](C2)C1=C,,,,,,,,,,,,,,,,,,,,,,,,,,,,,,,,,,,,,,,,,Yes,,,,,,,,,,,,,,,,,,,,,,,,
7235-40-7,β-Carotene,1,C40H56,CC1=C(\C=C\C(C)=C\C=C\C(C)=C\C=C\C=C(C)\C=C\C=C(C)\C=C\C2=C(C)CCCC2(C)C)C(C)(C)CCC1,,,,,,,,,,,,,,,,,,,,,,,,,,,,,,,,,,,,,,,,,Yes,,,,,,,,,,,,,,,,,,,,,,,,
2234-20-0,"2,4-dimethylstyrene",1,C10H12,Cc1ccc(C=C)c(C)c1,,,,,,,,,,,,,,,,,,,,,,,,,,,,,,,,,,,,,,,,,Yes,,,Yes,,,,,,,,,,,,,,,,,,,,,
63-68-3,Methionine / L-Met,1,C5H11NO2S,CSCCC(N)C(O)=O,,,,Yes,,,,,,,,Yes,Yes,,Yes,Yes,,,,,,,,Yes,Yes,Yes,,Yes,,Yes,Yes,Yes,,,Yes,Yes,,,,,,,,,,,,,,,,,,,,,,,,,,,,,
52377-68-1,ethyl 2-[(4-chlorophenyl)sulfanyl]acetate,1,C10H11ClO2S,CCOC(=O)CSc1ccc(Cl)cc1,,,,,,,,,,,,Yes,Yes,,Yes,,Yes,,,Yes,Yes,,,,,,,Yes,,,,Yes,,,,Yes,,,,,,,,,,,,,,,,,,,,,,,,,,,,,
328263-19-0,ethyl 2-({2-[(4-bromophenyl)sulfanyl]acetyl}amino)acetate,1,C12H14BrNO3S,CCOC(=O)CNC(=O)CSC1=CC=C(C=C1)Yes,,,Yes,,,,,Yes,,,,Yes,Yes,Yes,Yes,,,,,Yes,Yes,,,,,,,Yes,,,,Yes,,,,Yes,,,,,,,,,,,,,,,,,,,,,,,,,,,,,
153783-92-7,methyl 2-{[2-(4-bromophenyl)-2-oxoethyl]sulfanyl}acetate,1,C11H11BrO3S,COC(=O)CSCC(=O)C1=CC=C(C=C1)Yes,,,,,,,,Yes,,,,Yes,Yes,,Yes,,,,,Yes,Yes,,,,,,,Yes,,,,Yes,,,,Yes,,,,,,,,,,,,,,,,,,,,,,,,,,,,,
56-85-9,Glutamine / L -Gln,1,C5H10N2O3,N[C@@H](CCC(N)=O)C(O)=O,,,Yes,Yes,,,,,,,,Yes,Yes,Yes,Yes,Yes,,,,,,,,Yes,Yes,Yes,,Yes,,Yes,Yes,,,,Yes,,,,,,,,,,,,,,,,,,,,,,,,,,,,,,
70-47-3,Asparagine / L-Asn,1,C4H8N2O3,NC(CC(N)=O)C(O)=O,,,Yes,Yes,,,,,,,,Yes,Yes,Yes,Yes,Yes,,,,,,,,Yes,Yes,Yes,,Yes,,Yes,Yes,,,,Yes,,,,,,,,,,,,,,,,,,,,,,,,,,,,,,
56-84-8,Aspartic acid / L-Asp,1,C4H7NO4,NC(CC(O)=O)C(O)=O,,,,Yes,,,,,,,,Yes,Yes,,Yes,Yes,,,,,,,,Yes,Yes,Yes,,Yes,,Yes,Yes,,,,Yes,,,,,,,,,,,,,,,,,,,,,,,,,,,,,,
63-91-2,Phenylalanine / L - Phe,1,C9H11NO2,NC(Cc1ccccc1)C(O)=O,,,,Yes,,,,,,,,Yes,Yes,,Yes,Yes,,,,,,,,Yes,Yes,Yes,,Yes,,Yes,Yes,,,,Yes,,,,,,,,,,,,,,,,,,,,,,,,,,,,,,
74-79-3,Arginine / L-Arg,1,C6H14N4O2,NC(CCCN=C(N)N)C(O)=O,,,,Yes,,,,,,,,Yes,Yes,,Yes,Yes,,,,,,,,Yes,Yes,Yes,,Yes,,Yes,Yes,,,,Yes,,,,,,,,,,,,,,,,,,,,,,,,,,,,,,
56-45-1,Serine / L-Ser,1,C3H7NO3,NC(CO)C(O)=O,,,,Yes,,,,,,,,Yes,Yes,,Yes,Yes,,,,,,,,Yes,Yes,Yes,,Yes,,Yes,Yes,,,,Yes,,,,,,,,,,,,,,,,,,,,,,,,,,,,,,
2577-48-2,L-Proline methyl ester / Methyl L-prolinate,1,C6H11NO2,COC(=O)C1CCCN1,,,,,,,,,,,,Yes,Yes,,Yes,,,,,Yes,Yes,,,,,,,Yes,,,,,,,Yes,,,,,,,,,,,,,,,,,,,,,,,,,,,,,,
120-48-9,Butyl p-nitrobenzoate,1,C11H13NO4,CCCCOC(=O)c1ccc(cc1)[N+]([O-])=O,,,,,,,,,,,,Yes,,,Yes,,,,,Yes,Yes,,,,,,,Yes,,,,,,Yes,,,,,,,,,,,,,,,,,,,,,,,,,,,,,,,
520-26-3,Hesperidin,1,C28H34O15,COc1ccc(cc1O)[C@@H]2CC(=O)c3c(O)cc(O[C@@H]4O[C@H](CO[C@@H]5O[C@@H](C)[C@H](O)[C@@H](O)[C@H]5O)[C@@H](O)[C@H](O)[C@H]4O)cc3O2,,,,,,,,,,,,Yes,Yes,,,,,,,,Yes,,,Yes,Yes,,,Yes,Yes,Yes,,,,,,,,,,,,,,,,,,,,,,,,,,,,,,,,,,,
60-81-1,Phlorizin,1,C21H24O10,OC[C@H]1O[C@@H](Oc2cc(O)cc(O)c2C(=O)CCc3ccc(O)cc3)[C@H](O)[C@@H](O)[C@@H]1O,,,,,,,,,,,,Yes,Yes,,,,,,,,Yes,,,Yes,Yes,,,Yes,Yes,Yes,,,,,,,,,,,,,,,,,,,,,,,,,,,,,,,,,,,
121-32-4,Ethyl vanillin,1,C9H10O3,CCOc1cc(C=O)ccc1O,,Yes,,,,,,,,,,Yes,,,,,,,,,Yes,,,Yes,Yes,,,Yes,Yes,Yes,,,,,,,,,,,,,,,,,,,,,,,,,,,,,,,,,,,
331461-05-3,"4-(2,3-dihydro-1,4-benzodioxin-6-ylamino)-4-oxobutanoic acid",1,C12H13NO5,C1COC2=C(O1)C=CC(=C2)NC(=O)CCC(=O)O,,,Yes,,,,,,,,,Yes,Yes,Yes,Yes,Yes,,,,,Yes,,,Yes,Yes,Yes,,Yes,,Yes,,,,,,,,,,,,,,,,,,,,,,,,,,,,,,,,,,,
1422-26-0,9-oxodecanoic acid,1,C10H18O3,CC(=O)CCCCCCCC(O)=O,,,,,,,,,,,,Yes,Yes,,Yes,Yes,,,,,,,,Yes,Yes,Yes,,Yes,,Yes,,,,,,,,,,,,,,,,,,,,,,,,,,,,,,,,,,,
116-53-0,2-methylbutanoic acid / 2-methylbutyric acid,1,C5H10O2,CCC(C)C(O)=O,,,,,,,,,,,,Yes,Yes,,Yes,Yes,,,,,,,,Yes,Yes,Yes,,Yes,,Yes,,,,,,,,,,,,Yes,Yes,Yes,,,,,,,,Yes,,,,,,,,,,,,,
1002-84-2,pentadecanoic acid,1,C15H30O2,CCCCCCCCCCCCCCC(O)=O,,,,,,,,,,,,Yes,Yes,,Yes,Yes,,,,,,,,Yes,Yes,Yes,,Yes,,Yes,,,,,,,,,,,,,,,Yes,,,Yes,,,,,,,,,,,,,,,,,
1821-12-1,4-Phenylbutyrric acid,1,C10H12O2,OC(=O)CCCc1ccccc1,,,,,,,,,,,,Yes,Yes,,Yes,Yes,,,,,,,,Yes,Yes,Yes,,Yes,,Yes,,,,,,,,,,,,,,,,,,,,,,,,,,,,,,,,,,,
107-75-5,Hydroxy citronellal,1,C10H20O2,CC(CCCC(C)(C)O)CC=O,,Yes,,,,,,,,,,Yes,Yes,,,,,,,,,,,Yes,Yes,,,Yes,,Yes,,,,,,,,,,,,,,,,,,,,,,,,,,,,,,,,,,,
67-47-0,5-(hydroxymethyl)-2-furaldehyde,1,C6H6O3,OCc1oc(C=O)cc1,,Yes,,,,,,,,,,Yes,,,,,,,,,,,,Yes,Yes,,,Yes,,Yes,,,,,,,,,,,,,,,Yes,,,,,,,,,,,,,,,,,,,,
12002-53-8,Trimedlure,1,C12H21ClO2,CC1CC(Cl)CCC1C(=O)OC(C)(C)C,,,,,,,,,,,,Yes,Yes,,Yes,,Yes,,,Yes,Yes,,,,,,,Yes,,,,,,,,,,,,,,,,,,,,,,,,,,,,,,,,,,,,,
623-33-6,Glycine ethyl ester hydrochloride,1,C4H10ClNO2,[Cl-].CCOC(=O)C[NH3+],,,,,,,,,,,,Yes,Yes,,Yes,,,,,Yes,Yes,,,,,,,Yes,,,,,,,,,,,,,,,,,,,,,,,,,,,,,,,,,,,,,
31565-19-2,Isooctyl acetate,1,C10H20O2,CC(C)CCCCCOC(C)=O,,,,,,,,,,,,Yes,Yes,,Yes,,,,,Yes,Yes,,,,,,,Yes,,,,,,,,,,,,,,,,,,,,,,,,,,,,,,,,,,,,,
2577-46-0,Methyl L-isoleucinate / L-isoleucine methyl ester / LIME,1,C7H16NO2,CC[C@H](C)[C@H]([NH3+])C(=O)OC,,,,,,,,,,,,Yes,Yes,,Yes,,,,,Yes,Yes,,,,,,,Yes,,,,,,,,,,,,,,,,,,,,,,,,,,,,,,,,,,,,,
1679-47-6,Dihydro-3-methyl-2(3H)-furanone,1,C5H8O2,CC1CCOC1=O,,,,,,,,,,,,Yes,Yes,,Yes,,,,,Yes,Yes,,,,,,,Yes,,,,,,,,,,,,,,,,,,,,,,,,,,,,,,,,,,,,,
95-96-5,"3,6-dimethyl-1,4-dioxane-2,5-dione  / lactide",1,C6H8O4,CC1OC(=O)C(C)OC1=O,,,,,,,,,,,,Yes,Yes,,Yes,,,,,Yes,Yes,,,,,,,Yes,,,,,,,,,,,,,,,,Yes,,,,,,,,,,,,,,,,,,,,,
122-70-3,2‐Phenylethyl propionate,1,C11H14O2,CCC(=O)OCCc1ccccc1,,,,,,,,,,,,Yes,Yes,,Yes,,,,,Yes,Yes,,,,,,,Yes,,,,,,,,,,,,,,,,,,,,,,,,,,,,,,,,,,,,,
624-41-9,"acetic acid, 2-methylbutyl ester  / 2-methylbutyl acetate",1,C7H14O2,CCC(C)COC(C)=O,,,,,,,,,,,,Yes,Yes,,Yes,,,,,Yes,Yes,,,,,,,Yes,,,,,,,,,,,,,,,,Yes,,,,,,,,,,,,,,,,,,,,,
106-27-4,"butanoic acid, isopentyl ester  / isoamyl butanoate",1,C9H18O2,CCCC(=O)OCCC(C)C,,,,,,,,,,,,Yes,Yes,,Yes,,,,,Yes,Yes,,,,,,,Yes,,,,,,,,,,,,,,,,Yes,,,,,,,,,,,,,,,,,,,,,
103-09-3,"acetic acid, 2-ethyl-1-hexanol ester  / 2-ethyl-1-hexanol acetate",1,C10H20O2,CCCCC(CC)COC(C)=O,,,,,,,,,,,,Yes,Yes,,Yes,,,,,Yes,Yes,,,,,,,Yes,,,,,,,,,,,,,,,,Yes,,,,Yes,,,,,,,,,,,,,,,,,
4864-61-3,3-Octyl acetate,1,C10H20O2,CCCCCC(CC)OC(=O)C,,,,,,,,,,,,Yes,Yes,,Yes,,,,,Yes,Yes,,,,,,,Yes,,,,,,,,,,,,,,,,,,,,,,,,,,,,,,,,,,,,,
123-29-5,Ethyl nonanoate,1,C11H22O2,CCCCCCCCC(=O)OCC,,,,,,,,,,,,Yes,Yes,,Yes,,,,,Yes,Yes,,,,,,,Yes,,,,,,,,,,,,,,,,,,,,,,,,,,,,,,,,,,,,,
627-90-7,Ethyl undecanoate,1,C13H26O2,CCCCCCCCCCC(=O)OCC,,,,,,,,,,,,Yes,Yes,,Yes,,,,,Yes,Yes,,,,,,,Yes,,,,,,,,,,,,,,,,,,,,,,,,,,,,,,,,,,,,,
28267-29-0,Ethyl tridecanoate,1,C15H30O2,CCCCCCCCCCCCC(=O)OCC,,,,,,,,,,,,Yes,Yes,,Yes,,,,,Yes,Yes,,,,,,,Yes,,,,,,,,,,,,,,,,,,,,,,,,,,,,,,,,,,,,,
112-61-8,"octadecanoic acid, methyl ester / Methyl stearate",1,C19H38O2,CCCCCCCCCCCCCCCCCC(=O)OC,,,,,,,,,,,,Yes,Yes,,Yes,,,,,Yes,Yes,,,,,,,Yes,,,,,,,,,,,,,,,,,Yes,,,,,,,,,,,,,,,,,,,,
2598-99-4,Stearyl palmitate / Lanolin,1,C34H68O2,CCCCCCCCCCCCCCCCCCOC(=O)CCCCCCCCCCCCCCC,,,,,,,,,,,,Yes,Yes,,Yes,,,,,Yes,Yes,,,,,,,Yes,,,,,,,,,,,,,,,,,,,,,,,,,,,,,,,,,,,,,
629-70-9,Hexadecyl acetate / 16:Ac,1,C18H36O2,CCCCCCCCCCCCCCCCOC(C)=O,,,,,,,,,,,,Yes,Yes,,Yes,,,,,Yes,Yes,,,,,,,Yes,,,,,,,,,,,,,,,,,,,,,,,,,,,,,,,,,,,,,
628-63-7,"acetic acid, pentyl ester",1,C7H14O2,CCCCCOC(C)=O,,,,,,,,,,,,Yes,Yes,,Yes,,,,,Yes,Yes,,,,,,,Yes,,,,,,,,,,,,,,Yes,,,,,,,,,,,,,,,,,,,,,,,
590-01-2,"propanoic acid, butyl ester",1,C7H14O2,CCCCOC(=O)CC,,,,,,,,,,,,Yes,Yes,,Yes,,,,,Yes,Yes,,,,,,,Yes,,,,,,,,,,,,,,Yes,,,,,,,,,,,,,,,,,,,,,,,
2052-15-5,Levulinic acid n-butyl ester / Butyl levulinate,1,C9H16O3,CCCCOC(=O)CCC(C)=O,,,,,,,,,,,,Yes,Yes,,Yes,,,,,Yes,Yes,,,,,,,Yes,,,,,,,,,,,,,,,,,,,,,,,,,,,,,,,,,,,,,
97-62-1,"2-methylpropanoic acid, ethyl ester / Ethyl 2-methylpropanoate",1,C6H12O2,CCOC(=O)C(C)C,,,,,,,,,,,,Yes,Yes,,Yes,,,,,Yes,Yes,,,,,,,Yes,,,,,,,,,,,,,,Yes,,,,,,,,,,,,,,,,,,,,,,,
2050-23-9,diethyl suberate,1,C12H22O4,CCOC(=O)CCCCCCC(=O)OCC,,,,,,,,,,,,Yes,Yes,,Yes,,,,,Yes,Yes,,,,,,,Yes,,,,,,,,,,,,,,,,,,,,,,,,,,,,,,,,,,,,,
110-40-7,diethyl sebacate,1,C14H26O4,CCOC(=O)CCCCCCCCC(=O)OCC,,,,,,,,,,,,Yes,Yes,,Yes,,,,,Yes,Yes,,,,,,,Yes,,,,,,,,,,,,,,,,,,,,,,,,,,,,,,,,,,,,,
96-48-0,dihydro-2(3H)-furanone / γ-Butyrolactone,1,C4H6O2,O=C1CCCO1,,,,,,,,,,,,Yes,Yes,,Yes,,,,,Yes,Yes,,,,,,,Yes,,,,,,,,,,,,,,Yes,,Yes,,,,,,,,,,,,,,,Yes,,,,,,
774-65-2,tert butyl benzoate,1,C11H14O2,CC(C)(C)OC(=O)c1ccccc1,,,,,,,,,,,,Yes,,,Yes,,,,,Yes,Yes,,,,,,,Yes,,,,,,,,,,,,,,,,,,,,,,,,,,,,,,,,,,,,,
117-81-7,"phthalic acid, di(2-ethylhexyl) ester  / di(2-ethylhexyl) phthalate",1,C24H38O4,CCCCC(CC)COC(=O)c1ccccc1C(=O)OCC(CC)CCCC,,,,,,,,,,,,Yes,,,Yes,,,,,Yes,Yes,,,,,,,Yes,,,,,,,,,,,,,,,,,,Yes,,,,,,,,,,,,,,,,,,,
84-78-6,Butyl octyl phthalate,1,C20H30O4,CCCCCCCCOC(=O)c1ccccc1C(=O)OCCCC,,,,,,,,,,,,Yes,,,Yes,,,,,Yes,Yes,,,,,,,Yes,,,,,,,,,,,,,,,,,,,,,,,,,,,,,,,,,,,,,
614-18-6,Ethyl nicotinate,1,C8H9NO2,CCOC(=O)c1cccnc1,,,,,,,,,,,,Yes,,,Yes,,,,,Yes,Yes,,,,,,,Yes,,,,,,,,,,,,,,,,,,,,,,,,,,,,,,,,,,,,,
2459-09-8,Methyl isonicotinate,1,C7H7NO2,COC(=O)c1ccncc1,,,,,,,,,,,,Yes,,,Yes,,,,,Yes,Yes,,,,,,,Yes,,,,,,,,,,,,,,,,,,,,,,,,,,,,,,,,,,,,,
94-47-3,2-Phenylethyl benzoate,1,C15H14O2,O=C(OCCc1ccccc1)c2ccccc2,,,,,,,,,,,,Yes,,,Yes,,,,,Yes,Yes,,,,,,,Yes,,,,,,,,,,,,,,,,,,,,,,,,,,,,,,,,,,,,,
626225-81-8,"4-(2-chlorobenzyl)-2-methyl-2H-1,4-benzoxazin-3(4H)-one",1,C16H14ClNO2,CC1C(=O)N(C2=CC=CC=C2O1)CC3=CC=CC=C3Cl,,,Yes,,,,,,,,,Yes,Yes,Yes,,,Yes,,,,Yes,,,,,,,Yes,,,,,,,,,,,,,,,,,,,,,,,,,,,,,,,,,,,,,
500008-45-7,Chlorantraniliprole,1,C18H14BrCl2N5O2,CC1=CC(=CC(=C1NC(=O)C2=CC(=NN2C3=C(C=CC=N3)Cl)Yes)C(=O)NC)Cl,,,Yes,,,Yes,,Yes,,,,Yes,,Yes,,,Yes,,,,,,,,,,,Yes,,,,,,,,,,,,,,,,,,,,,,,,,,,,,,,,,,,,,
54064-34-5,1-[2-(4-Chlorophenyl)cyclopropyl]ethanone,1,C11H11ClO,CC(=O)C1CC1C2=CC=C(C=C2)Cl,,,,,,,,,,,,Yes,Yes,,,,Yes,,,,,,,,,,,Yes,,,,,,,,,,,,,,,,,,,,,,,,,,,,,,,,,,,,,
646-29-7,Stearate / Octadecanoate,1,C18H35O2,CCCCCCCCCCCCCCCCCC([O-])=O,,,,,,,,,,,Yes,Yes,Yes,,Yes,Yes,,,,,,,,,,,,Yes,,,,,,,,,,,,,,,,,,,,,,,,,,,,,,,,,,,,,
78-84-2,2-methylpropanal,1,C4H8O,CC(C)C=O,,Yes,,,,,,,,,,Yes,Yes,,,,,,,,,,,,,,,Yes,,,,,,,,,,,,,,Yes,Yes,Yes,Yes,Yes,,,,,,,,,,,,,,,,,,,
103-95-7,Cyclamen aldehyde / 3-(4-Isopropylphenyl)-2-methylpropanal,1,C13H18O,CC(C)c1ccc(cc1)C(C)CC=O,,Yes,,,,,,,,,,Yes,Yes,,,,,,,,,,,,,,,Yes,,,,,,,,,,,,,,,,,,,,,,,,,,,,,,,,,,,,,
590-86-3,3-methylbutanal,1,C5H10O,CC(C)CC=O,,Yes,,,,,,,,,,Yes,Yes,,,,,,,,,,,,,,,Yes,,,,,,,,,,,,,,Yes,Yes,Yes,,,,Yes,,,,,,,,,,,,,,,,,
55019-46-0,2-methylhexadecanal,1,C17H34O,CCCCCCCCCCCCCCC(C)C=O,,Yes,,,,,,,,,,Yes,Yes,,,,,,,,,,,,,,,Yes,,,,,,,,,,,,,,,,,Yes,,,,,,,,,,,,,,,,,,,,
2765-11-9,pentadecanal,1,C15H30O,CCCCCCCCCCCCCCC=O,,Yes,,,,,,,,,,Yes,Yes,,,,,,,,,,,,,,,Yes,,,,,,,,,,,,,,Yes,,,,,,,,,,,,,,,,,,,,,,,
629-90-3,Heptadecanal,1,C17H34O,CCCCCCCCCCCCCCCCC=O,,Yes,,,,,,,,,,Yes,Yes,,,,,,,,,,,,,,,Yes,,,,,,,,,,,,,,,,,,,,,,,,,,,,,,,,,,,,,
638-66-4,octadecanal / C18-Ald,1,C18H36O,CCCCCCCCCCCCCCCCCC=O,,Yes,,,,,,,,,,Yes,Yes,,,,,,,,,,,,,,,Yes,,,,,,,,,,,,,,Yes,,,,,,,,,,,,,,,,,,,,,,,
577-16-2,1-(2-methylphenyl)-ethanone / 2-Methylacetophenone,1,C9H10O,CC(=O)c1ccccc1C,,,,,,,,,,,,Yes,Yes,,,,,,,,,,,,,,,Yes,,,,,,,,,,,,,,Yes,,Yes,,,,,,,,,,,,,,,,,,,,,
108-83-8,"2,6-Dimethyl-4-heptanone",1,C9H18O,CC(C)CC(=O)CC(C)C,,,,,,,,,,,,Yes,Yes,,,,,,,,,,,,,,,Yes,,,,,,,,,,,,,,,,,,,,,,,,,,,,,,,,,,,,,
464-48-2,(1s)-(-)-camphor,1,C10H16O,CC1(C)C2CC[C@]1(C)C(=O)C2,,,,,,,,,,,,Yes,Yes,,,,,,,,,,,,,,,Yes,,,,,,,,,,,,,,,,,,,,,,,,,,,,,,,,,,,,,
583-60-8,2-Methylcyclohexanone,1,C7H12O,CC1CCCCC1=O,,,,,,,,,,,,Yes,Yes,,,,,,,,,,,,,,,Yes,,,,,,,,,,,,,,,,,,,,,,,,,,,,,,,,,,,,,
565-61-7,3-methyl-2-pentanone,1,C6H12O,CCC(C)C(C)=O,,,,,,,,,,,,Yes,Yes,,,,,,,,,,,,,,,Yes,,,,,,,,,,,,,,Yes,Yes,Yes,,,,,,,,,,,,,,,,,,,,,
927-49-1,6-Undecanone,1,C11H22O,CCCCCC(=O)CCCCC,,,,,,,,,,,,Yes,Yes,,,,,,,,,,,,,,,Yes,,,,,,,,,,,,,,,,,,,,,,,,,,,,,,,,,,,,,
2345-27-9,2-tetradecanone,1,C14H28O,CCCCCCCCCCCCC(C)=O,,,,,,,,,,,,Yes,Yes,,,,,,,,,,,,,,,Yes,,,,,,,,,,,,,,,,,Yes,,,Yes,,,,,,,,,,,,,,,,,
18787-63-8,2-hexadecanone,1,C16H32O,CCCCCCCCCCCCCCC(C)=O,,,,,,,,,,,,Yes,Yes,,,,,,,,,,,,,,,Yes,,,,,,,,,,,,,,,,,Yes,,,,,,,,,,,,,,,,,,,,
2922-51-2,2-heptadecanone,1,C17H34O,CCCCCCCCCCCCCCCC(C)=O,,,,,,,,,,,,Yes,Yes,,,,,,,,,,,,,,,Yes,,,,,,,,,,,,,,,,,,,,,,,,,,,,,,,,,,,,,
108-94-1,cyclohexanone,1,C6H10O,O=C1CCCCC1,,,,,,,,,,,,Yes,Yes,,,,,,,,,,,,,,,Yes,,,,,,,,,,,,,,,Yes,Yes,,,Yes,,,,,,,,,,,,,,,,Yes,,
122-03-2,4-(1-methylethyl)-benzaldehyde / p-Isopropylbenzaldehyde / cuminaldehyde,1,C10H12O,CC(C)c1ccc(C=O)cc1,,Yes,,,,,,,,,,Yes,,,,,,,,,,,,,,,,Yes,,,,,,,,,,,,,,,Yes,,,,,,,,,,,,,,,,,,,,,,
104-87-0,4-methylbenzaldehyde,1,C8H8O,Cc1ccc(C=O)cc1,,Yes,,,,,,,,,,Yes,,,,,,,,,,,,,,,,Yes,,,,,,,,,,,,,,Yes,,,,,,,,,,,,,,,,,,,,,,,
98-01-1,furfural / furaldehyde,1,C5H4O2,O=Cc1occc1,,Yes,,,,,,,,,,Yes,,,,,,,,,,,,,,,,Yes,,,,,,,,,,,,,,Yes,Yes,Yes,Yes,Yes,,,,,,,,,,,,,,,,,,,
119-61-9,benzophenone,1,C13H10O,O=C(c1ccccc1)c2ccccc2,,,,,,,,,,,,Yes,,,,,,,,,,,,,,,,Yes,,,,,,,,,,,,,,Yes,,,Yes,,,Yes,,,,,,,,,,,,,,,,,
818-72-4,1-octyn-3-ol,1,C8H14O,CCCCCC(O)C#C,Yes,,,,,,,,,,,,,,,,,,,,,,,Yes,Yes,,,,,Yes,,,,,,,,,,,,,,,,,,,,,,,,,,,,,,,,,,,
316-41-6,Berberine sulfate,1,C40H36N2O12S,COc1ccc2cc3c4cc5OCOc5cc4CC[n+]3cc2c1OC.COc6ccc7cc8c9cc%10OCOc%10cc9CC[n+]8cc7c6OC.[O-][S]([O-])(=O)=O,,,,,,,,,,,,,,,,,,,,,Yes,,,,,,,,,,,,,,,,,,Yes,,,,,,,,,,,,,,,,,,,,,,,,,,
3622-84-2,N-butyl-benzenesulfonamide / nBBSA,1,C10H15NO2S,CCCCN[S](=O)(=O)c1ccccc1,,,,,,,,,,,,,,,,,,,,,,,,,,,,,,,,,,,Yes,,Yes,,,,,Yes,,,,,,,,,,,,,,,,,,,,,,,
26049-69-4,"1,1-dimethyl-2-[4-(5-nitrofuran-2-yl)-1,3-thiazol-2-yl] hydrazine / DMNT",1,C9H10N4O3S,CN(C)Nc1scc(n1)c2oc(cc2)[N+]([O-])=O,,,,,,Yes,,,,,,,,,,,,,,,,,Yes,,,,,,,,,Yes,,Yes,Yes,Yes,,,,,,,,,,,,,,,,,,,,,,,,,,,,,
683221-02-5,3-amino-3-[4-(methylsulfanyl)phenyl]-1-propanol,1,C10H15NOS,CSC1=CC=C(C=C1)C(CCO)N,,,,,,,,,,,,,,,,,,,,,,,,Yes,Yes,,,,,Yes,Yes,Yes,,,Yes,Yes,,,,,,,,,,,,,,,,,,,,,,,,,,,,,
505-23-7,"1,3-Dithiane",1,C4H8S2,C1CSCSC1,,,,,,,,,,,,,,,,,,,,,,,,,,,,,,,,Yes,,,,Yes,,,,,,,,,,,,,,,,,,,,,,,,,,,,,
15806-20-9, Phenylbenzylhydrazine,1,C13H14N2,C(NNc1ccccc1)c2ccccc2,,,,,,,,,,,,,,,,,,,,,,,Yes,,,,,,,,,,,,Yes,,,,,,,,,,,,,,,,,,,,,,,,,,,,,,
390379-43-8,N-p-isopropylphenyl-p-hydroxybenzimine,1,C16H17NO,C1=CC(=CC=C1N=CC2=CC=C(C=C2)O)C(C)C,,,,,,,,,,,,,,,,,,,,,,,,Yes,Yes,,Yes,,Yes,Yes,,,,,,,,,,,,,,,,,,,,,,,,,,,,,,,,,,,
60778-02-1,Quercetin-3-O-β-D-glucose-7-O-β-D-gentiobioside,1,C33H40O22,C1=CC(=C(C=C1C2=C(C(=O)C3=C(C=C(C=C3O2)OC4C(C(C(C(O4)COC5C(C(C(C(O5)CO)O)O)O)O)O)O)O)OC6C(C(C(C(O6)CO)O)O)O)O)O,,,,,,,,,,,,,,,,,,,,,Yes,,,Yes,Yes,,,,Yes,Yes,,,,,,,,,,,,,,,,,,,,,,,,,,,,,,,,,,,
4852-22-6,Procyanidin,1,C30H26O13,OC1C(O)C(OC2Cc3c(O)cc(O)cc3OC2c4ccc(O)c(O)c4)(Oc5cc(O)cc(O)c15)c6ccc(O)c(O)c6,,,,,,,,,,,,,,,,,,,,,Yes,,,Yes,Yes,,,,Yes,Yes,,,,,,,,,,,,,,,,,,,,,,,,,,,,,,,,,,,
89-83-8,thymol,1,C10H14O,CC(C)c1ccc(C)cc1O,,,,,,,,,,,,,,,,,,,,,,,,Yes,Yes,,,,Yes,Yes,,,,,,,,,,,,,,,,,,Yes,,,,,,,,,,,,,,,,,
118-71-8,Maltol / 3-Hydroxy-2-methyl-4-pyrone,1,C6H6O3,CC1=C(O)C(=O)C=CO1,,,,,,,,,,,,,,,,,,,,,,,,Yes,Yes,,,,Yes,Yes,,,,,,,,,,,,,,,,,,,,,,,,,,,,,,,,,,,
108-68-9,"1,3,5-xylenol / 3,5-Dimethylphenol",1,C8H10O,Cc1cc(C)cc(O)c1,,,,,,,,,,,,,,,,,,,,,,,,Yes,Yes,,,,Yes,Yes,,,,,,,,,,,,,,Yes,,,,,,,,,,,,,,,,,,,,,
6151-25-3,Quercetin ditydrate,1,C15H14O9,O.O.Oc1cc(O)c2C(=O)C(=C(Oc2c1)c3ccc(O)c(O)c3)O,,,,,,,,,,,,,,,,,,,,,,,,Yes,Yes,,,,Yes,Yes,,,,,,,,,,,,,,,,,,,,,,,,,,,,,,,,,,,
123-31-9,"1,4‐Hydroquinone",1,C6H6O2,Oc1ccc(O)cc1,,,,,,,,,,,,,,,,,,,,,,,,Yes,Yes,,,,Yes,Yes,,,,,,,,,,,,,,,,,,,,,,,,,,,,,,,,,,,
26342-66-5,Rhodojaponin-III,1,C20H32O6,C[C@@]1(O)C[C@@]23C[C@@H](O)[C@@]4(O)[C@@H]([C@@H]5O[C@@H]5C4(C)C)[C@](C)(O)[C@@H]2CCC1[C@@H]3O,,,,,,,,,,,,,,,,,,,,,Yes,,,Yes,Yes,,,,,Yes,,,,,,,,,,,,,,,,,,,,,,,,,,,,,,,,,,,
22554-74-1,"Tetrahydrofuran-3,4-diol",1,C4H8O3,OC1COCC1O,,,,,,,,,,,,,,,,,,,,,Yes,,,Yes,Yes,,,,,Yes,,,,,,,,,,,,,,,,,,,,,,,,,,,,,,,,,,,
56090-54-1,Polyglycerin- 3,1,C9H20O7,OCC(O)COCC(O)COCC(O)CO,,,,,,,,,,,,,,,,,,,,,Yes,,,Yes,Yes,,,,,Yes,,,,,,,,,,,,,,,,,,,,,,,,,,,,,,,,,,,
19700-21-1,"trans-1,10-dimethyl-trans-decalol",1,C12H22O,C[C@H]1CCC[C@@]2(C)CCCC[C@]12O,,,,,,,,,,,,,,,,,,,,,,,,Yes,Yes,,,,,Yes,,,,,,,,,,,,,,,,,,,,,,,,,,,,,,,,,,,
600-36-2,"2,4-dimethyl-3-pentanol",1,C7H16O,CC(C)C(O)C(C)C,,,,,,,,,,,,,,,,,,,,,,,,Yes,Yes,,,,,Yes,,,,,,,,,,,,,,,,,,,,,,,,,,,,,,,,,,,
1653-40-3,Isooctanol / isooctyl alcohol,1,C8H18O,CC(C)CCCCCO,,,,,,,,,,,,,,,,,,,,,,,,Yes,Yes,,,,,Yes,,,,,,,,,,,,,,,,,,,,,,,,,,,,,,,,,,,
24347-58-8,"(R,R)-2,3-Butanediol",1,C4H10O2,CC(O)C(C)O,,,,,,,,,,,,,,,,,,,,,,,,Yes,Yes,,,,,Yes,,,,,,,,,,,,,,,,,,,,,,,,,,,,,,,,,,,
98-85-1,DL-sec-phenethyl alcohol,1,C8H10O,CC(O)c1ccccc1,,,,,,,,,,,,,,,,,,,,,,,,Yes,Yes,,,,,Yes,,,,,,,,,,,,,,,,,,,,,,,,,,,,,,,,,,,
2935-44-6,"2,5‐Hexanediol",1,C6H14O2,CC(O)CCC(C)O,,,,,,,,,,,,,,,,,,,,,,,,Yes,Yes,,,,,Yes,,,,,,,,,,,,,,,,,,,,,,,,,,,,,,,,,,,
565-67-3,2-methyl-3-pentanol,1,C6H14O,CCC(O)C(C)C,,,,,,,,,,,,,,,,,,,,,,,,Yes,Yes,,,,,Yes,,,,,,,,,,,,,,,Yes,,,,,,,,,,,,,,,,,,,,
614-14-2,1-Phenyl-1-butanol,1,C10H14O,CCCC(O)c1ccccc1,,,,,,,,,,,,,,,,,,,,,,,,Yes,Yes,,,,,Yes,,,,,,,,,,,,,,,,,,,,,,,,,,,,,,,,,,,
75896-93-4,methyl 4-chloro-N-(3-pyridinyl)benzenecarboximidoate,1,C13H11ClN2O,COC(=NC1=CN=CC=C1)C2=CC=C(C=C2)Cl,,,,,,,,,,,,,,,,,Yes,,,,Yes,,,,,,,,,,,,,,,,,,,,,,,,,,,,,,,,,,,,,,,,,,,,
338966-95-3,"1-(2,4-Dichloro-5-methoxyphenyl)-1H-pyrrole",1,C11H9Cl2NO,COC1=C(C=C(C(=C1)N2C=CC=C2)Cl)Cl,,,,,,,,,,,,,,,,,Yes,,,,Yes,,,,,,,,,,,,,,,,,,,,,,,,,,,,,,,,,,,,,,,,,,,,
956574-26-8,"1-[2-(2,4-dimethylphenoxy)ethyl]-1H-pyrazole",1,C13H16N2O,CC1=CC(=C(C=C1)OCCN2C=CC=N2)C,,,,,,Yes,,,,,,,,,,,,,,,Yes,,,,,,,,,,,,,,,,,,,,,,,,,,,,,,,,,,,,,,,,,,,,
203719-54-4,"(+)-Limonene 1,2-epoxide",1,C10H18O,CC(C)C1CCC2(C(C1)O2)C,,,,,,,,,,,,,,,,,,,,,Yes,,,,,,,,,,,,,,,,,,,,,,,,,,,,,,,,,,,,,,,,,,,,
62532-53-0,(+/-) Exo-Brevicomin,1,C9H16O2,CC[C@@H]1O[C@]2(C)CCC[C@H]1O2,,,,,,,,,,,,,,,,,,,,,Yes,,,,,,,,,,,,,,,,,,,,,,,,,,,,,,,,,,,,,,,,,,,,
28401-39-0,(+/-)-Frontalin,1,C8H14O2,CC12CCCC(C)(OC1)O2,,,,,,,,,,,,,,,,,,,,,Yes,,,,,,,,,,,,,,,,,,,,,,,,,,,,,,,,,,,,,,,,,,,,
60-29-7,diethyl ether,1,C4H10O,CCOCC,,,,,,,,,,,,,,,,,,,,,Yes,,,,,,,,,,,,,,,,,,,,,Yes,,Yes,,,Yes,,,,,,,,,,,,,,,,,,
613-37-6,4-Phenylanisole / 4-Methoxybiphenyl,1,C13H12O,COc1ccc(cc1)c2ccccc2,,,,,,,,,,,,,,,,,,,,,Yes,,,,,,,,,,,,,,,,,,,,,,,,,,,,,,,,,,,,,,,,,,,,
2086-83-1,berberine,1,C20H18NO4,COc1ccc2cc3c4cc5OCOc5cc4CC[n+]3cc2c1OC,,,,,,,,,,,,,,,,,,,,,Yes,,,,,,,,,,,,,,,,,,,,,,,,,,,,,,,,,,,,,,,,,,,,
538-86-3,Methyl benzyl ether,1,C8H10O,COCc1ccccc1,,,,,,,,,,,,,,,,,,,,,Yes,,,,,,,,,,,,,,,,,,,,,,,,,,,,,,,,,,,,,,,,,,,,
18600-52-7,"2-(4-chlorophenyl)-4H-3,1-benzoxazin-4-one",1,C14H8ClNO2,C1=CC=C2C(=C1)C(=O)OC(=N2)C3=CC=C(C=C3)Cl,,,,,,,,,,,,,,,,,Yes,,,,,,,,,,,,,,,,,,,,,,,,,,,,,,,,,,,,,,,,,,,,,,,,
8016-38-4,neroli oil,1,-,-,,,,,,,,,,,,,,,,,,,,,,,,,,,,,,,,,,,,,,,,,,,,,,,,,,,,,,,,,,,,,,,,,
107-46-0,Hexamethyldisiloxane,1,C6H18OSi2,C[Si](C)(C)O[Si](C)(C)C,,,,,,,,,,,,,,,,,,,,,,,,,,,,,,,,,,,,,,,,,,,,,,,,,,,,,,,,,,,,,,,,,
110-82-7,cyclohexane,1,C6H12,C1CCCCC1,,,,,,,,,,,,,,,,,,,,,,,,,,,,,,,,,,,,,,,,,,Yes,,Yes,,Yes,,Yes,,,,,,,,,,,,,,,Yes,Yes,
110-86-1,pyridine,1,C5H5N,c1ccncc1,,,,,,,,,,,,,,,,,,,,,,,,,,,,,,,,,,,,,,,,,,Yes,Yes,Yes,Yes,,,,,,,,,,,,,,,,,,,,
123-32-0,"2,5-dimethylpyrazine",1,C6H8N2,Cc1cnc(C)cn1,,,,,,,,,,,,,,,,,,,,,,,,,,,,,,,,,,,,,,,,,,,Yes,,,,,,,,,,,,,,,,,,,,,,
17302-01-1,3-ethyl-3-methylheptane,1,C10H22,CCCCC(C)(CC)CC,,,,,,,,,,,,,,,,,,,,,,,,,,,,,,,,,,,,,,,,,,,,,,,,,,,,,,,,,,,,,,,,,
4032-94-4,"2,4-Dimethyloctane",1,C10H22,CCCCC(C)CC(C)C,,,,,,,,,,,,,,,,,,,,,,,,,,,,,,,,,,,,,,,,,,,,,,,,,,,,,,,,,,,,,,,,,
592-82-5,butylisothiocyanate,1,C5H9NS,CCCCN=C=S,,,,,,,,,,,,,,,,,,,,,,,,,,,,,,,,,,,,,,,,,,,Yes,,,,,,,,,,,,,,,,,,,,,,
556-61-6,isothiocyanatomethane,1,C2H3NS,CN=C=S,,,,,,,,,,,,,,,,,,,,,,,,,,,,,,,,,,,,,,,,,,Yes,,,,,,,,,,,,,,,,,,,,,,,
96-54-8,1-methyl-pyrrole,1,C5H7N,Cn1cccc1,,,,,,,,,,,,,,,,,,,,,,,,,,,,,,,,,,,,,,,,,,Yes,Yes,Yes,,,,,,,,,,,,,,,,,,,,,